ID,TCPS.1,TCPS.2,TCPS.3,OM.1,OM.2,OM.3,BMP2.1,BMP2.2,BMP2.3,PT.1,PT.2,PT.3,mSLA.1,mSLA.2,mSLA.3,Titan.1,Titan.2,Titan.3
ENSRNOG00000011015,1978,2118,2258,1720,1437,1764,1955,1655,1769,1413,1640,983,2345,2148,2777,1486,2691,2514
ENSRNOG00000055858,0,3,0,0,0,0,0,6,6,5,4,4,11,5,14,11,11,15
ENSRNOG00000011720,388,387,421,285,287,321,358,291,374,303,406,219,281,256,339,199,307,289
ENSRNOG00000026462,29,27,21,32,16,35,34,23,33,58,51,40,97,135,109,168,160,139
ENSRNOG00000013364,38,53,39,19,15,14,83,57,57,26,30,18,58,38,52,22,25,8
ENSRNOG00000014721,1496,1766,1828,1222,1246,1333,1617,1406,1616,1429,1700,1037,1762,1567,1868,1369,1705,1889
ENSRNOG00000042308,52,65,58,82,79,101,67,36,55,50,44,30,71,93,61,68,80,76
ENSRNOG00000017963,60,85,74,151,172,174,79,54,72,66,51,46,74,76,78,55,47,66
ENSRNOG00000016462,119,178,161,200,189,248,153,147,151,165,140,75,166,190,189,138,158,167
ENSRNOG00000047145,188,217,221,265,264,324,188,198,202,184,208,148,223,208,203,121,238,251
ENSRNOG00000046353,19,33,28,41,56,57,17,16,26,24,22,20,18,15,25,15,25,16
ENSRNOG00000019544,362,378,410,259,227,290,462,371,412,452,480,271,575,569,645,550,675,551
ENSRNOG00000017030,1620,1691,1651,1139,1020,1237,1558,1316,1520,1364,1527,875,1919,1785,2152,1582,2216,2106
ENSRNOG00000018012,2546,2795,2890,1810,1757,2007,2821,2266,2640,2035,2735,1587,2777,2733,3424,1602,3384,3027
ENSRNOG00000021493,1,1,2,4,8,9,2,1,2,0,2,1,1,1,0,1,4,5
ENSRNOG00000059492,1077,1210,1244,747,715,825,1149,962,1132,996,1177,705,1073,1088,1178,811,918,927
ENSRNOG00000042826,122,133,148,179,157,243,124,106,138,137,123,74,149,160,151,155,227,194
ENSRNOG00000051570,206,205,232,346,311,356,157,142,207,168,181,108,163,198,215,133,191,164
ENSRNOG00000026569,205,262,242,225,223,292,238,181,174,220,255,139,250,229,274,225,225,228
ENSRNOG00000061533,111,142,138,132,141,137,123,130,116,102,121,80,129,137,137,103,150,122
ENSRNOG00000011675,173,158,165,232,254,279,174,152,175,124,145,101,156,155,134,100,139,145
ENSRNOG00000056036,106,99,106,122,135,140,91,93,116,116,113,67,125,118,155,116,126,127
ENSRNOG00000027550,151,195,148,175,186,190,166,133,151,173,209,127,150,140,168,107,177,133
ENSRNOG00000027459,410,473,498,348,346,457,518,387,432,450,451,259,622,608,627,745,723,785
ENSRNOG00000031113,230,285,256,185,174,174,246,226,250,303,350,178,451,438,477,353,534,491
ENSRNOG00000031328,593,739,675,792,832,851,625,583,612,676,683,449,805,731,851,654,788,802
ENSRNOG00000019376,271,317,338,245,220,286,327,259,291,294,333,214,381,359,375,302,326,404
ENSRNOG00000019127,85,95,96,85,76,83,91,66,80,92,88,43,90,89,96,66,90,70
ENSRNOG00000046455,99,112,127,64,66,92,127,105,101,125,158,83,231,187,267,150,226,237
ENSRNOG00000022742,135,202,199,245,260,285,165,129,191,168,207,110,196,176,188,181,199,185
ENSRNOG00000014791,1221,1433,1505,1381,1306,1465,1017,818,973,1059,1350,847,860,878,1095,869,1452,1307
ENSRNOG00000015071,7,6,22,5,3,3,9,3,6,11,18,6,8,6,8,5,1,4
ENSRNOG00000042777,102,192,176,84,97,103,201,132,189,163,160,94,180,234,242,199,229,230
ENSRNOG00000034184,86,112,115,80,66,73,111,79,87,79,89,50,66,75,92,48,66,82
ENSRNOG00000015517,989,1053,1048,1180,1121,1322,959,798,956,902,907,586,1328,1214,1401,1446,1541,1481
ENSRNOG00000015456,378,422,455,307,315,360,387,363,397,427,408,287,575,550,543,601,566,600
ENSRNOG00000028628,1161,1141,1113,678,734,707,1048,883,1058,963,990,568,1013,1001,1027,941,1100,1110
ENSRNOG00000016565,256,327,253,318,349,358,268,240,263,233,233,174,276,318,248,420,389,392
ENSRNOG00000016574,694,777,744,659,594,604,746,596,673,664,737,388,927,869,944,884,956,863
ENSRNOG00000016608,210,263,234,112,93,129,209,212,215,199,216,133,213,176,205,156,157,169
ENSRNOG00000021390,345,374,328,163,176,211,369,255,321,279,306,188,324,309,323,252,249,273
ENSRNOG00000060146,558,632,619,542,532,616,545,420,586,492,572,282,497,457,511,429,516,513
ENSRNOG00000046667,152,138,126,103,110,108,125,123,148,135,124,91,242,226,237,234,295,273
ENSRNOG00000033235,347,402,349,179,166,186,313,239,343,326,335,205,469,436,436,371,401,391
ENSRNOG00000029336,855,930,926,1040,990,1187,978,864,999,1003,1090,641,1248,1281,1258,1186,1341,1340
ENSRNOG00000029022,91,111,140,114,103,106,102,110,105,87,79,87,119,105,81,81,84,69
ENSRNOG00000024376,377,466,378,316,327,412,422,350,364,391,434,230,393,429,427,339,403,422
ENSRNOG00000019416,357,362,381,479,426,481,402,295,413,373,421,234,478,483,528,468,509,511
ENSRNOG00000055608,8,3,10,23,27,27,4,5,6,18,10,6,16,9,11,3,18,14
ENSRNOG00000024065,127,133,130,42,43,29,112,100,120,100,97,47,74,73,95,69,64,80
ENSRNOG00000055761,499,595,583,454,426,437,526,454,543,500,515,282,675,699,781,591,772,652
ENSRNOG00000047526,426,472,447,498,474,519,367,384,371,318,387,216,531,500,529,277,565,523
ENSRNOG00000020426,4258,4973,4691,2346,2164,2520,5947,4859,5887,4879,5028,3065,4716,4793,4915,3892,4255,4384
ENSRNOG00000056118,4869,5107,4768,2098,1848,2216,5655,4689,5627,4509,4999,2867,4986,4784,5503,4405,6002,5580
ENSRNOG00000018885,432,485,506,573,466,565,427,363,466,447,440,275,510,489,570,470,539,550
ENSRNOG00000029805,225,206,215,151,145,185,243,195,226,211,203,159,221,202,232,193,246,248
ENSRNOG00000055519,56,91,81,69,52,89,67,65,53,51,39,38,36,46,48,61,79,38
ENSRNOG00000029043,3548,3900,4168,3402,3055,3650,3884,3153,3675,3870,4278,2635,4477,4284,5039,2963,4081,4042
ENSRNOG00000020774,460,544,564,451,396,456,456,397,477,486,479,317,445,462,529,434,454,445
ENSRNOG00000046652,3069,3348,3642,2861,2556,3050,3313,2749,3222,3401,3716,2331,3923,3705,4327,2473,3539,3446
ENSRNOG00000030932,132,160,139,82,87,115,155,115,115,114,162,76,136,137,144,133,133,156
ENSRNOG00000052023,76,106,86,49,43,36,80,62,79,54,64,37,87,57,65,53,81,61
ENSRNOG00000048138,286,238,305,184,157,158,262,238,229,232,219,123,303,266,313,275,282,254
ENSRNOG00000020762,5652,6572,6561,4952,4756,5301,5876,5026,5887,5340,5842,3488,4885,4539,5186,4260,4768,4698
ENSRNOG00000037556,121,127,119,92,98,97,104,93,136,100,99,51,103,87,115,85,137,91
ENSRNOG00000020777,666,824,816,505,484,578,756,650,681,663,765,471,904,835,960,556,754,849
ENSRNOG00000053725,2225,2425,2518,2058,1909,2215,2281,1870,2202,2163,2175,1354,2433,2413,2411,3110,2963,2893
ENSRNOG00000021144,2576,3160,3015,2509,2374,2597,2928,2360,2850,2723,2983,1802,2758,2715,2831,2884,3141,3088
ENSRNOG00000013565,879,924,992,759,719,901,940,852,830,774,980,612,1224,1111,1399,707,1362,1252
ENSRNOG00000013938,613,612,538,498,444,535,610,497,595,412,523,263,470,433,476,368,451,434
ENSRNOG00000023233,202,194,201,170,181,176,223,160,194,233,213,148,234,257,246,244,280,287
ENSRNOG00000030160,23,27,23,45,50,45,30,16,27,58,65,25,83,56,70,73,95,114
ENSRNOG00000019812,1815,2147,1841,2374,2334,2571,1894,1510,1933,1859,1953,1135,2213,2133,2185,2723,2549,2586
ENSRNOG00000026572,20,25,30,42,46,39,18,19,24,19,22,9,20,10,23,7,31,25
ENSRNOG00000020060,16373,19638,18388,9414,8937,10094,17218,14308,17412,15084,15886,9731,11372,11186,10937,9257,9146,9506
ENSRNOG00000043388,993,1188,1041,1272,1281,1456,1026,896,1007,1672,1779,1133,1520,1521,1539,1789,1723,1757
ENSRNOG00000020695,323,401,359,123,123,124,272,283,339,324,339,226,501,431,407,445,457,431
ENSRNOG00000021027,199,319,246,226,229,237,223,194,198,224,239,135,361,332,352,352,332,294
ENSRNOG00000011306,3147,3275,3163,996,933,1085,2973,2375,2926,5407,5397,2875,7131,7140,7727,8188,8479,8225
ENSRNOG00000022537,118,97,106,74,49,78,134,117,154,286,260,162,436,427,484,646,920,770
ENSRNOG00000015822,327,299,283,399,363,409,238,192,281,198,234,142,223,209,274,115,212,169
ENSRNOG00000047756,2226,2558,2666,4578,4278,4844,2409,1931,2153,1974,2340,1446,3022,3114,3399,2737,4134,4046
ENSRNOG00000010308,725,678,726,1772,1658,2002,702,592,740,538,531,363,840,852,869,984,1020,1119
ENSRNOG00000022164,73,97,77,48,41,56,78,68,86,65,74,34,86,90,86,62,83,81
ENSRNOG00000060206,1139,1311,1274,1439,1356,1575,1166,1027,1154,977,1107,650,1304,1265,1409,1007,1467,1359
ENSRNOG00000019161,75,111,101,24,34,31,75,53,73,71,65,56,146,155,185,92,89,97
ENSRNOG00000013017,197,227,215,1093,1040,1146,185,178,197,181,198,117,143,110,137,66,89,72
ENSRNOG00000018987,1308,1554,1451,1187,1159,1376,1431,1195,1432,1419,1702,982,1893,1874,1911,1556,2064,1962
ENSRNOG00000053923,1726,2189,2205,2910,2685,3065,1992,1671,1958,2169,2272,1335,2636,2504,2814,2963,3042,3083
ENSRNOG00000019706,32,32,16,20,11,18,24,25,29,52,31,18,42,37,30,56,36,53
ENSRNOG00000013591,1079,1513,1408,2219,2184,2428,1383,1077,1399,1516,1397,965,1535,1439,1342,1783,1667,1709
ENSRNOG00000010087,378,504,446,448,417,505,424,381,405,474,481,290,678,676,764,641,862,797
ENSRNOG00000015488,2177,2177,2179,1638,1443,1883,2007,1572,1828,1267,1844,1185,2152,2100,2399,1045,2259,2121
ENSRNOG00000014448,1077,1254,1170,1233,1169,1330,1066,932,1105,997,1080,698,856,840,885,734,886,889
ENSRNOG00000020514,26,12,21,9,9,8,6,27,17,10,14,9,6,5,2,3,4,3
ENSRNOG00000019771,3,4,5,13,17,13,9,3,3,2,9,1,11,13,7,7,11,10
ENSRNOG00000055082,1522,1741,1680,1044,1071,1261,1743,1446,1649,1885,1819,1084,2426,2255,2518,2618,2962,2661
ENSRNOG00000017837,351,351,358,283,328,289,381,312,381,342,312,220,477,429,481,429,431,475
ENSRNOG00000043225,1117,1426,1308,1428,1336,1522,1152,980,1189,1218,1183,755,1257,1312,1232,1503,1393,1522
ENSRNOG00000029490,515,678,623,392,437,528,572,447,554,531,502,302,798,722,803,716,784,764
ENSRNOG00000046480,65,109,109,111,107,122,99,85,123,118,116,62,150,148,152,132,139,121
ENSRNOG00000031003,108,113,124,159,149,144,118,84,154,98,125,69,111,115,148,103,109,145
ENSRNOG00000018877,735,794,761,608,578,673,693,617,683,590,712,423,863,848,962,717,974,920
ENSRNOG00000016683,353,363,419,244,245,342,367,334,379,325,325,188,392,346,397,431,480,410
ENSRNOG00000026115,1215,1308,1291,1040,956,1127,1307,1019,1104,1007,1092,665,1242,1184,1405,1045,1523,1454
ENSRNOG00000020638,1,0,4,1,0,2,4,2,2,2,4,0,5,3,9,16,9,7
ENSRNOG00000017414,122,133,162,181,171,205,116,102,133,126,170,85,193,199,176,303,330,313
ENSRNOG00000017960,673,756,718,793,791,831,655,602,696,668,739,397,793,822,769,843,872,884
ENSRNOG00000020434,6,6,3,21,19,27,10,3,10,4,8,3,7,1,5,2,2,3
ENSRNOG00000017944,32,35,27,20,20,9,38,37,23,45,41,20,21,31,16,22,26,11
ENSRNOG00000020009,332,349,323,20,34,33,298,218,283,192,184,102,194,184,182,66,96,83
ENSRNOG00000020552,800,989,863,517,507,596,826,677,825,1686,1575,828,2617,2612,2750,5504,6071,5855
ENSRNOG00000030888,2092,2245,2183,1647,1627,1843,2101,1671,2017,1822,1943,1120,2350,2385,2393,2391,2491,2461
ENSRNOG00000021139,1737,1986,1863,1868,1837,2188,1706,1489,1710,1722,1706,1108,1934,1959,2046,2812,2939,2894
ENSRNOG00000060849,220,244,266,105,106,122,212,141,259,265,229,148,246,223,269,312,356,363
ENSRNOG00000032042,1902,2083,1978,1575,1426,1653,1834,1419,1734,1691,1858,1167,1596,1773,1856,1551,2018,1810
ENSRNOG00000019913,3024,3475,3345,2944,2612,3178,3291,2665,3166,3547,3736,2352,4368,4170,4494,4489,5116,4876
ENSRNOG00000028274,214,178,201,60,69,73,174,139,207,207,198,111,237,226,261,183,287,285
ENSRNOG00000012524,2968,3290,3259,3028,2784,3189,3085,2538,3002,3160,3273,1899,3805,3576,4127,3959,4421,4291
ENSRNOG00000014215,1428,1635,1639,6098,5512,6905,1426,1145,1448,824,956,641,1082,1210,1200,638,941,965
ENSRNOG00000030351,4054,5250,4827,4784,4572,5232,5147,4181,4968,6134,5967,3695,8379,8280,8699,12477,11735,11643
ENSRNOG00000014768,194,171,183,77,68,112,259,205,246,77,102,78,130,131,142,46,104,90
ENSRNOG00000016656,17,11,12,12,16,27,21,14,18,32,30,13,13,20,38,72,98,88
ENSRNOG00000019194,9,8,6,2,0,0,10,6,4,10,18,9,8,14,12,17,19,12
ENSRNOG00000019311,1922,2028,1997,1659,1596,1726,1744,1458,1647,1588,1755,1137,2030,2093,2128,2014,2266,2253
ENSRNOG00000034078,504,640,563,1544,1432,1746,578,524,548,432,487,279,519,516,548,617,713,652
ENSRNOG00000049232,514,535,543,345,320,370,532,390,506,412,491,265,522,553,671,702,683,695
ENSRNOG00000009482,367,421,429,607,584,601,404,314,383,324,332,210,318,315,337,323,389,378
ENSRNOG00000032668,58,91,87,101,100,122,82,56,53,51,58,50,81,68,62,40,77,70
ENSRNOG00000014795,753,741,654,331,347,468,641,571,637,628,552,353,718,745,724,906,941,963
ENSRNOG00000033134,2326,2498,2722,1383,1228,1488,2474,2067,2353,2481,2676,1628,2943,2726,3364,2850,3708,3509
ENSRNOG00000013002,1929,2273,2194,1946,1995,2143,2146,1731,2149,2162,2304,1406,2699,2582,2941,2642,3072,3163
ENSRNOG00000012556,241,289,368,373,329,433,321,280,314,583,597,296,510,491,512,996,1118,1053
ENSRNOG00000015925,881,1001,1065,1102,1066,1275,1040,818,967,980,1115,638,1247,1237,1372,1231,1362,1285
ENSRNOG00000010589,4404,5320,5165,8846,8390,9396,4094,3305,3913,4521,4776,2907,5380,5069,5588,5033,5330,5201
ENSRNOG00000049662,59,87,80,73,78,92,80,42,54,44,46,46,61,53,70,50,71,46
ENSRNOG00000051606,106,144,121,170,145,163,109,95,107,122,120,87,148,147,200,101,150,182
ENSRNOG00000017986,50,68,90,80,79,87,53,45,61,46,60,41,59,61,60,37,59,62
ENSRNOG00000010760,355,441,387,306,359,362,358,337,379,475,447,289,677,565,682,819,828,925
ENSRNOG00000061862,594,740,751,414,299,471,680,545,632,434,616,349,642,633,798,485,686,611
ENSRNOG00000027923,511,625,579,549,501,580,541,473,521,579,654,409,790,720,804,640,793,715
ENSRNOG00000043053,378,515,476,338,367,391,511,428,488,479,516,304,548,483,589,549,648,591
ENSRNOG00000042283,176,259,207,217,207,240,199,183,180,183,222,107,233,243,249,162,265,207
ENSRNOG00000013397,172,226,257,666,627,683,237,187,223,161,203,124,274,248,299,183,308,304
ENSRNOG00000000091,196,233,227,684,646,716,455,361,405,354,363,241,479,446,618,795,1037,976
ENSRNOG00000038044,2370,2455,2490,1190,1142,1331,2285,1824,2077,1866,2248,1209,2165,2077,2267,1385,1840,1737
ENSRNOG00000012478,2434,2460,2587,2040,1809,2187,2321,2121,2432,2299,2501,1500,2579,2517,2741,2716,3154,3133
ENSRNOG00000043095,873,946,982,929,854,972,891,731,826,694,873,479,1023,971,1170,808,1023,908
ENSRNOG00000031778,1852,1943,1785,1506,1302,1611,1736,1562,1599,1308,1379,816,1775,1805,1860,1169,1797,1813
ENSRNOG00000020297,772,863,816,654,601,705,738,624,751,686,797,434,938,959,1030,725,1301,1181
ENSRNOG00000020640,1460,1656,1552,1993,1859,2076,1502,1279,1431,1232,1306,891,1103,1092,1217,1096,1573,1295
ENSRNOG00000021012,970,1100,976,849,786,941,954,763,866,877,1028,560,1080,1021,1079,843,1110,1056
ENSRNOG00000021026,728,804,790,493,420,544,725,601,698,661,754,461,875,804,896,690,1052,1064
ENSRNOG00000021105,88,133,96,158,164,141,114,83,83,94,95,65,180,193,214,183,352,331
ENSRNOG00000021143,1079,1139,1163,931,853,942,1197,927,1049,1105,1210,697,1592,1523,1674,1404,1908,1756
ENSRNOG00000031174,1315,1457,1440,1437,1375,1563,1354,1138,1362,1171,1391,847,1457,1376,1600,984,1565,1446
ENSRNOG00000021218,1305,1523,1449,1235,1196,1309,1435,1277,1370,1247,1306,812,1286,1282,1361,1178,1404,1329
ENSRNOG00000019565,5543,6060,6037,9294,8739,10182,5387,4525,5321,5228,5570,3560,5509,5257,5739,5390,5853,5601
ENSRNOG00000061058,9253,11011,11424,13077,11779,13740,10654,8516,10370,10941,11493,6941,11045,10320,11969,13153,13154,12772
ENSRNOG00000019785,1307,1604,1597,1657,1609,1767,1367,1175,1454,1510,1592,903,1574,1491,1652,1934,2139,2062
ENSRNOG00000010121,197,195,184,27,16,25,274,198,234,205,255,121,291,245,260,290,267,251
ENSRNOG00000023579,544,588,583,441,441,503,587,510,523,412,551,316,521,551,655,265,557,558
ENSRNOG00000023258,2354,2598,2513,1725,1647,1908,2192,1889,2221,2109,2387,1499,2169,2178,2420,2008,2483,2339
ENSRNOG00000050321,1383,1546,1675,1319,1237,1341,1520,1234,1388,1556,1682,988,2073,1809,2060,1847,2306,2084
ENSRNOG00000012392,1082,1351,1387,1097,968,1093,1310,1074,1299,1556,1520,901,1846,1902,2077,2491,2353,2200
ENSRNOG00000005908,1834,2114,2046,1870,1741,1888,2145,1763,2061,2006,2317,1327,2280,2231,2481,2185,2827,2663
ENSRNOG00000010905,6,10,15,1,1,1,11,15,6,4,8,2,7,8,3,2,2,1
ENSRNOG00000007662,478,562,517,393,387,442,433,411,488,442,516,323,688,602,698,564,683,722
ENSRNOG00000007437,421,501,493,300,284,326,490,384,478,424,460,270,412,396,424,469,526,589
ENSRNOG00000008752,680,786,745,631,517,565,723,628,762,883,856,477,1159,1130,1184,1238,1424,1357
ENSRNOG00000012826,4332,4339,4336,1961,1827,2063,3947,3229,3679,3001,3486,2221,3671,3472,4124,2641,5325,4618
ENSRNOG00000013729,327,403,334,99,109,128,315,237,286,285,416,171,343,362,362,352,528,561
ENSRNOG00000008196,851,888,790,476,454,596,779,628,868,800,839,502,927,959,874,1005,1134,1130
ENSRNOG00000025720,7,5,5,0,2,0,2,2,7,14,9,9,3,5,5,5,3,10
ENSRNOG00000006925,66,76,70,49,35,32,40,59,71,59,55,56,66,72,71,54,59,77
ENSRNOG00000026981,952,919,1031,972,878,954,904,785,977,848,910,557,1014,1011,1090,833,967,1003
ENSRNOG00000006711,228,287,278,338,374,341,321,222,286,334,308,199,465,433,440,388,473,474
ENSRNOG00000026874,86,80,96,78,58,95,86,59,86,102,96,48,155,124,143,131,152,153
ENSRNOG00000033639,785,773,801,504,490,568,668,601,683,623,692,418,827,838,897,761,975,920
ENSRNOG00000007064,769,804,770,618,586,683,765,639,754,715,689,437,955,962,1001,881,991,928
ENSRNOG00000007707,316,355,357,303,318,329,316,245,304,221,264,157,258,213,193,225,267,240
ENSRNOG00000008239,249,265,328,281,236,259,240,211,240,179,207,119,326,339,378,310,394,343
ENSRNOG00000010886,21,18,14,2,0,3,13,9,14,9,11,3,14,16,9,11,5,4
ENSRNOG00000005628,60,89,68,62,77,99,75,72,73,69,69,38,60,62,45,41,70,48
ENSRNOG00000005968,24,39,33,20,30,22,33,38,42,43,45,24,56,41,44,79,82,68
ENSRNOG00000006281,97,157,125,41,39,70,102,74,87,85,83,45,75,96,96,111,129,132
ENSRNOG00000027365,50,51,51,17,36,30,59,49,57,57,57,22,72,61,63,97,89,87
ENSRNOG00000048917,310,376,401,261,223,237,296,257,314,257,302,169,314,354,300,316,494,469
ENSRNOG00000046361,78,87,80,204,154,207,80,54,82,86,74,41,142,142,144,186,263,186
ENSRNOG00000057061,68,86,70,22,36,40,79,98,68,55,81,31,68,68,75,59,71,77
ENSRNOG00000008393,8080,9903,9859,14786,13745,16037,8877,7114,8429,8445,9255,5635,9188,8878,9826,8263,9512,9456
ENSRNOG00000027026,212,216,213,156,118,139,198,150,164,164,172,105,174,160,163,150,137,154
ENSRNOG00000008622,159,167,172,90,71,95,178,117,158,116,130,113,160,144,169,61,83,103
ENSRNOG00000023679,454,601,562,426,435,508,541,437,515,523,539,301,536,571,579,552,675,624
ENSRNOG00000010716,893,1036,1020,1397,1305,1486,1786,1469,1703,1661,1554,920,1953,2005,2122,2142,2305,2144
ENSRNOG00000014753,1117,1316,1168,1244,1098,1292,1135,1005,1066,869,905,512,1066,1042,1129,654,850,859
ENSRNOG00000015719,11,19,11,0,0,1,4,1,4,8,8,2,3,0,7,5,1,6
ENSRNOG00000017720,351,350,359,582,577,654,327,299,301,331,372,223,358,369,356,232,300,300
ENSRNOG00000010239,9887,12357,11682,12492,12138,13319,11304,9471,11142,13760,14011,8233,15921,15709,15674,19804,19458,19642
ENSRNOG00000012347,664,801,732,879,884,982,934,745,878,928,925,577,1044,1061,1206,1379,1496,1502
ENSRNOG00000025818,520,653,570,529,513,561,581,460,547,461,518,291,707,677,706,540,779,774
ENSRNOG00000017808,30,33,41,2364,2379,2630,21,24,23,15,22,16,18,32,27,9,27,15
ENSRNOG00000056462,3626,4129,4153,3908,3573,4158,4017,3339,3828,3436,4154,2603,4172,4097,4572,3528,4898,4285
ENSRNOG00000008658,203,236,210,476,492,572,201,184,220,165,189,127,216,207,281,292,394,355
ENSRNOG00000009184,4426,4876,5074,2141,2019,2328,4767,4060,4535,4466,5160,2934,4951,4870,5661,5567,7043,6788
ENSRNOG00000007152,2421,2739,2725,863,813,906,2063,1707,1990,2347,2729,1613,3137,2852,3189,1998,2396,2324
ENSRNOG00000010919,77,87,73,114,114,120,64,58,66,73,86,51,105,106,113,103,135,155
ENSRNOG00000013379,881,1106,1040,590,606,709,913,749,861,926,990,583,1187,1116,1269,1052,1164,1086
ENSRNOG00000023065,761,1002,902,960,902,1102,859,684,907,926,980,576,1012,1006,903,1025,1002,1031
ENSRNOG00000037251,169,147,218,183,151,197,151,155,169,159,170,89,144,148,159,133,164,186
ENSRNOG00000006726,399,421,413,253,262,308,425,319,424,280,343,212,315,312,356,165,279,285
ENSRNOG00000009000,1107,1255,1188,1030,936,1064,1183,867,1076,968,1070,605,1289,1220,1453,1215,1678,1603
ENSRNOG00000017066,1412,1674,1518,1214,1213,1348,1427,1236,1476,1620,1630,1016,2053,1917,2168,1781,2356,2233
ENSRNOG00000005608,949,1044,1095,2484,2159,2495,856,749,761,840,971,647,788,693,873,661,859,838
ENSRNOG00000005767,1689,1924,1879,2111,1985,2230,1977,1546,1779,1554,1686,1054,1704,1651,1810,1288,1718,1738
ENSRNOG00000005936,261,306,295,222,219,246,409,318,352,555,575,365,1073,1043,1141,1252,1734,1569
ENSRNOG00000005480,9428,10585,9350,9087,8174,9871,8542,7531,8718,8578,8719,5238,10216,9877,9854,12838,12677,12559
ENSRNOG00000005984,464,491,513,171,147,190,412,359,423,454,474,238,513,441,509,361,377,432
ENSRNOG00000008929,926,1013,998,647,591,687,1116,850,992,748,810,501,1019,1056,1229,1025,1214,1215
ENSRNOG00000027869,167,186,168,406,360,431,183,143,178,184,201,154,159,146,205,219,319,301
ENSRNOG00000048961,249,253,250,26,35,21,321,215,257,403,387,212,517,482,516,524,696,650
ENSRNOG00000001830,73,97,101,216,164,215,105,97,92,78,77,33,81,81,77,54,93,95
ENSRNOG00000018427,7,19,24,21,27,27,19,17,15,14,24,12,11,17,23,12,7,12
ENSRNOG00000018845,202,170,173,171,186,207,167,135,153,166,180,128,339,328,328,289,341,367
ENSRNOG00000009446,700,742,753,1233,1218,1412,797,599,717,641,723,452,819,832,880,746,1159,1039
ENSRNOG00000058329,9542,9638,8341,6581,6082,9078,10387,10601,11736,10281,9105,5286,13465,13511,10625,12013,12002,13394
ENSRNOG00000013442,1149,1332,1208,1160,1117,1295,1194,963,1085,1183,1212,728,1551,1472,1516,1458,1776,1698
ENSRNOG00000032700,505,587,673,367,445,475,585,534,555,406,460,238,439,393,468,268,474,365
ENSRNOG00000022162,1676,1947,1909,2416,2258,2584,1582,1387,1571,1917,1955,1129,1976,1958,2183,2000,2238,2134
ENSRNOG00000007816,29,27,23,8,11,11,16,10,19,42,41,12,63,84,59,54,57,58
ENSRNOG00000009346,98,110,129,116,119,101,124,95,121,83,101,59,147,163,208,138,225,200
ENSRNOG00000010551,307,304,353,199,217,240,320,288,340,406,397,213,529,547,583,720,629,708
ENSRNOG00000004677,4320,4787,5092,5540,4976,5926,5382,4425,4930,2899,3596,2343,4133,4084,4881,1969,3520,3248
ENSRNOG00000005600,423,530,493,220,226,221,526,458,454,442,523,275,701,594,719,359,425,454
ENSRNOG00000001520,222,266,263,310,302,344,292,227,311,291,308,181,379,344,376,426,501,458
ENSRNOG00000001519,83,92,107,200,215,273,177,166,192,147,184,80,245,269,231,293,327,355
ENSRNOG00000060479,933,1198,1111,999,999,1179,1078,838,1023,1021,1207,662,1381,1400,1607,1444,1826,1684
ENSRNOG00000001588,33,33,34,35,59,61,41,20,40,39,34,24,34,36,36,16,14,28
ENSRNOG00000001580,331,369,370,482,398,521,356,248,321,314,296,197,378,447,383,509,438,440
ENSRNOG00000001578,117,155,124,224,234,289,121,98,125,156,141,69,161,209,160,199,196,181
ENSRNOG00000001548,5924,7107,7033,4689,4404,4844,6417,5308,6368,7206,7588,4647,8078,7824,8822,9733,10232,9949
ENSRNOG00000008825,4376,5131,5034,4590,4090,4680,4815,4096,4783,5607,5516,3405,7535,7244,7945,9305,9922,9800
ENSRNOG00000012172,28,25,28,47,43,52,25,11,19,38,21,10,22,36,28,33,25,33
ENSRNOG00000013172,59,90,77,503,486,624,82,75,90,83,70,49,93,87,88,104,118,116
ENSRNOG00000005413,10194,11421,10352,4015,3636,4451,11106,9536,11152,8026,8444,4997,6345,6527,6944,5319,6721,6433
ENSRNOG00000008674,69,77,73,67,48,70,72,55,52,49,48,31,61,48,51,31,53,48
ENSRNOG00000007484,0,0,0,19,13,8,0,0,0,0,0,0,0,1,0,0,0,1
ENSRNOG00000013074,641,803,835,1233,1103,1298,785,622,746,1006,1013,585,999,957,986,1176,1299,1248
ENSRNOG00000004730,282,311,352,398,333,393,311,218,242,280,309,195,384,364,379,610,730,677
ENSRNOG00000005258,1044,1221,1162,997,988,1141,1199,976,1129,1455,1532,975,1944,1834,2097,1936,2749,2606
ENSRNOG00000010659,616,795,784,493,446,495,822,604,782,825,868,515,1057,1035,1137,1152,1245,1213
ENSRNOG00000007408,3,9,5,0,1,3,9,10,12,6,12,3,7,15,8,2,6,6
ENSRNOG00000004735,637,786,739,1026,1093,1079,721,623,693,760,768,476,961,836,1010,876,1180,1008
ENSRNOG00000006112,71,90,87,183,161,163,83,53,76,72,80,34,80,72,53,48,92,76
ENSRNOG00000006695,1599,2001,1848,2123,2067,2335,1804,1439,1763,1760,1953,1140,1999,1928,2001,2344,2494,2336
ENSRNOG00000021750,1336,1734,1657,2372,2394,2585,2365,1976,2316,2983,2821,1721,3379,3349,3014,6791,5455,5695
ENSRNOG00000008529,3161,3772,3460,1613,1663,1859,3332,2734,3255,2921,3032,1955,2556,2575,2399,2155,2123,2291
ENSRNOG00000010086,219,268,222,272,238,283,230,195,173,261,267,138,396,344,404,490,493,498
ENSRNOG00000016708,457,464,440,385,361,431,515,449,507,823,736,395,1201,1129,1188,1814,1888,1798
ENSRNOG00000042374,385,470,460,202,194,194,409,329,401,320,358,197,348,364,384,274,319,298
ENSRNOG00000027988,576,673,634,1377,1326,1454,592,482,570,463,586,339,517,501,622,397,685,685
ENSRNOG00000007805,531,601,584,315,271,352,779,603,735,1419,1235,731,2347,2256,2578,2840,3297,3203
ENSRNOG00000026295,21,22,17,42,20,34,16,18,16,12,20,10,19,16,17,5,13,15
ENSRNOG00000017290,1211,1302,1237,1176,1089,1213,1164,914,1107,1193,1269,783,1542,1438,1693,1233,1672,1573
ENSRNOG00000019099,287,340,358,188,213,227,328,277,310,236,246,188,307,294,365,185,352,319
ENSRNOG00000008194,862,859,823,998,892,1041,772,674,830,633,675,418,746,687,857,521,680,744
ENSRNOG00000009594,3722,4456,3932,3068,2970,3334,4781,3870,4760,3237,3599,2057,2440,2227,2342,2001,2232,2246
ENSRNOG00000057347,1826,1341,1136,4112,4050,7850,1226,1457,1536,1127,835,474,1840,1662,1405,1410,1491,1771
ENSRNOG00000010975,2593,2747,2947,2032,1947,2237,2560,2131,2584,2342,2515,1462,2920,2786,3263,3130,3528,3354
ENSRNOG00000012175,17,14,19,5,2,4,21,26,9,11,24,17,75,85,99,15,29,32
ENSRNOG00000012762,1143,1221,1218,803,725,855,1109,943,1144,1121,1118,730,1226,1310,1292,1259,1420,1299
ENSRNOG00000048433,74,107,98,738,756,902,74,69,81,81,62,44,93,76,117,55,126,111
ENSRNOG00000013339,264,270,293,239,249,246,305,260,270,283,321,205,428,399,472,355,462,499
ENSRNOG00000014235,340,416,400,467,427,501,349,315,317,384,363,287,479,512,524,454,545,517
ENSRNOG00000014592,305,332,320,133,112,122,291,213,278,223,239,161,143,186,168,154,182,225
ENSRNOG00000015558,950,1042,1049,671,746,804,929,824,823,999,1167,679,1056,1045,1138,916,1346,1170
ENSRNOG00000007291,271,305,278,323,304,358,286,205,266,341,397,241,542,515,562,658,719,750
ENSRNOG00000007797,38,44,33,25,31,30,32,41,24,25,20,25,59,52,80,44,63,90
ENSRNOG00000021669,3559,4128,4049,679,671,779,4411,3589,4189,5946,6832,3934,6256,5964,6986,7570,9452,9045
ENSRNOG00000008846,328,404,449,522,545,512,385,274,361,315,469,248,405,372,523,312,591,502
ENSRNOG00000010777,15,17,19,14,20,26,3,11,10,13,9,3,19,12,27,8,9,11
ENSRNOG00000006170,7,9,3,0,2,0,4,5,4,3,4,9,14,14,9,4,14,4
ENSRNOG00000009015,1695,1930,1830,4108,3915,4472,1810,1555,1769,1835,2049,1227,2511,2349,2704,2377,3026,2769
ENSRNOG00000016452,3936,4996,4750,4242,4238,4677,4592,3768,4485,4611,4652,2927,4657,4561,4444,4189,4340,4440
ENSRNOG00000012726,500,555,518,464,467,535,544,441,457,425,467,286,498,492,596,373,475,498
ENSRNOG00000009576,106,153,118,172,166,215,107,107,137,103,75,50,123,103,120,68,73,114
ENSRNOG00000005964,265,255,279,47,38,74,224,195,178,188,224,132,455,367,463,206,231,275
ENSRNOG00000006972,207,277,320,202,195,239,246,222,293,248,262,166,273,225,293,189,244,243
ENSRNOG00000016299,1258,1352,1335,5787,5493,6111,1170,1082,1225,1452,1543,929,1962,1850,2125,2335,2543,2567
ENSRNOG00000008005,723,696,656,340,300,350,532,463,505,480,551,382,522,451,547,362,555,503
ENSRNOG00000009795,270,299,314,410,393,379,242,225,242,285,319,202,431,402,506,463,721,606
ENSRNOG00000006553,647,740,786,443,410,450,558,445,527,565,704,415,858,737,911,614,883,863
ENSRNOG00000026293,3450,3653,3595,3436,3278,3850,3695,3053,3659,3801,3823,2277,5217,5349,5363,10033,10566,9961
ENSRNOG00000006966,381,400,458,680,601,715,351,312,402,298,403,180,354,371,483,354,404,405
ENSRNOG00000007175,1707,2133,2060,3076,2827,3158,1835,1572,1789,1769,1965,1274,2251,2158,2404,1923,2494,2353
ENSRNOG00000000138,64,71,59,183,170,206,70,65,104,69,70,32,66,90,77,53,83,85
ENSRNOG00000007398,166,163,216,208,214,249,176,142,174,133,174,110,204,166,175,147,159,139
ENSRNOG00000061851,1514,1671,1662,1114,1050,1251,1587,1245,1504,1477,1589,975,2027,1926,2316,1855,2372,2256
ENSRNOG00000009341,128,134,128,73,78,50,99,93,88,88,125,53,122,108,146,68,121,136
ENSRNOG00000010735,1098,1292,1285,1084,1135,1221,1202,1030,1319,1251,1418,892,1554,1299,1614,1749,1965,2023
ENSRNOG00000028662,10,18,13,6,13,10,11,2,9,16,19,5,23,20,26,30,30,26
ENSRNOG00000027921,977,1200,1220,817,742,818,1167,956,1118,1011,1183,690,1330,1258,1490,884,1450,1379
ENSRNOG00000014259,71,92,80,11,18,10,98,73,90,97,85,51,92,88,113,37,67,79
ENSRNOG00000015318,571,674,574,34,26,38,690,549,591,136,187,120,424,437,391,97,155,179
ENSRNOG00000047686,2,0,2,8,9,17,0,1,5,2,3,0,4,5,5,3,1,0
ENSRNOG00000025724,547,613,580,616,566,674,591,499,545,489,534,307,673,616,670,537,776,808
ENSRNOG00000058461,5638,6254,6018,3850,3484,4221,5660,4627,5526,5395,5956,3530,7656,7540,8346,9593,10456,10539
ENSRNOG00000043364,368,408,432,189,139,218,350,301,350,249,268,173,313,274,308,195,299,275
ENSRNOG00000010910,618,703,730,538,550,624,712,600,691,651,846,469,1016,994,1115,976,1075,1153
ENSRNOG00000006137,3644,3474,3404,1968,1822,2204,3426,2869,3172,2744,3245,1801,3996,4132,4564,3130,4969,4661
ENSRNOG00000054217,386,409,392,385,352,489,329,285,348,373,363,206,504,479,490,557,820,801
ENSRNOG00000026124,15867,19544,17912,15441,14906,16599,22920,18928,23303,21865,21408,13469,23889,24044,21607,29891,25698,26222
ENSRNOG00000047741,109,132,116,167,146,175,139,108,134,151,170,87,252,207,241,373,460,422
ENSRNOG00000010436,689,787,801,634,625,678,626,554,692,793,832,488,799,891,840,980,1126,1076
ENSRNOG00000033522,2491,2652,2665,2213,2109,2468,2213,1921,2198,1759,2256,1334,2535,2417,2806,1593,2514,2280
ENSRNOG00000059160,208,296,278,252,209,228,206,177,242,185,288,172,277,214,302,132,227,282
ENSRNOG00000025261,153,200,203,175,144,148,152,132,160,130,189,113,174,136,196,79,174,186
ENSRNOG00000033792,262,241,274,344,243,290,229,219,258,226,266,177,346,268,289,181,328,295
ENSRNOG00000017940,1975,2117,1916,2031,1909,2225,1780,1584,1676,1490,1662,895,1735,1803,2061,1603,2244,2294
ENSRNOG00000009595,162,185,185,151,127,136,175,144,184,203,175,99,231,226,259,261,248,285
ENSRNOG00000010490,2,7,10,0,0,0,9,18,11,4,5,0,6,3,7,0,1,2
ENSRNOG00000010893,1,4,5,0,0,0,5,3,3,0,2,1,3,3,4,3,23,13
ENSRNOG00000045913,588,641,570,308,305,315,566,466,603,446,476,285,552,571,686,560,778,731
ENSRNOG00000020342,165,224,203,111,133,134,359,283,326,338,341,192,481,435,451,363,413,421
ENSRNOG00000046469,31,28,29,25,20,28,22,28,37,7,25,20,23,15,16,7,17,12
ENSRNOG00000010171,950,1035,1037,732,728,841,964,808,966,815,889,524,964,906,997,948,960,1044
ENSRNOG00000009605,907,1052,994,873,815,965,889,675,805,821,885,589,974,962,960,973,1251,1147
ENSRNOG00000007644,791,967,910,692,584,705,928,771,880,813,919,530,1017,987,1114,1062,1382,1292
ENSRNOG00000005624,1341,1350,1603,1744,1556,1803,1466,1209,1357,1312,1506,923,1657,1632,1954,1439,1921,1801
ENSRNOG00000033316,684,773,759,1340,1230,1505,623,491,567,566,580,374,554,575,645,542,689,632
ENSRNOG00000050562,480,610,612,479,476,539,574,452,543,530,575,334,646,647,641,530,659,566
ENSRNOG00000056135,2024,2391,2252,34852,33339,36832,2023,1679,2109,1844,2013,1249,1634,1415,1533,1381,1336,1411
ENSRNOG00000061989,129,175,166,102,92,132,149,138,154,137,177,93,206,188,218,157,237,249
ENSRNOG00000005352,649,662,662,805,749,817,614,541,608,464,603,359,622,575,681,426,700,730
ENSRNOG00000006797,333,340,350,354,348,391,363,315,351,396,439,248,603,563,636,589,707,695
ENSRNOG00000052572,1363,1512,1557,1336,1174,1439,1421,1145,1423,1163,1420,809,1234,1194,1460,909,1644,1354
ENSRNOG00000056659,333,350,365,289,300,246,359,316,317,256,330,217,490,393,452,275,522,464
ENSRNOG00000061073,1763,1829,2084,1337,1214,1527,1880,1571,1807,1703,2004,1117,2086,1892,2437,2154,2887,2612
ENSRNOG00000005087,1705,2114,2023,1877,1764,1931,2043,1618,1932,2114,2187,1335,2654,2520,2847,2906,3158,3184
ENSRNOG00000004685,956,1137,1144,1116,1085,1184,1055,882,1050,1034,1044,610,1138,1082,1110,1226,1341,1234
ENSRNOG00000005067,7261,8216,7821,8450,8129,9293,6021,5093,6093,7292,7721,4621,8637,8582,9355,7942,8931,8839
ENSRNOG00000021318,32,43,41,19837,17681,20634,45,36,43,25,34,18,21,23,30,14,19,9
ENSRNOG00000040110,1266,1271,1461,1150,1168,1369,1558,1216,1454,1350,1495,897,1727,1726,1985,1846,2262,2152
ENSRNOG00000039815,858,1001,971,654,593,649,1004,776,896,822,908,587,1001,958,1113,901,1030,960
ENSRNOG00000025736,8,8,5,852,777,923,13,4,4,12,3,10,6,2,1,0,4,2
ENSRNOG00000004210,1673,1964,1910,6477,6743,7209,1047,936,1052,1447,1532,983,1798,1778,1810,1894,1956,1958
ENSRNOG00000051372,28,26,18,9,1,2,17,11,17,18,27,20,43,49,53,27,27,31
ENSRNOG00000004449,1097,1357,1311,3249,3378,3629,1263,940,1191,1271,1365,809,1503,1475,1539,1681,1828,1753
ENSRNOG00000054989,25,14,27,27,19,24,33,31,23,33,47,32,15,21,22,21,22,33
ENSRNOG00000054259,189,221,206,129,85,118,189,141,162,225,208,115,225,206,246,207,240,226
ENSRNOG00000007237,954,1062,995,2341,2525,2689,1741,1339,1697,2015,1992,1101,2887,2856,2937,3912,3690,3675
ENSRNOG00000030034,992,963,1123,228,241,292,779,638,810,733,819,557,1060,1070,1280,818,1020,1042
ENSRNOG00000008927,1765,2130,2043,3706,3627,4074,1826,1508,1937,1843,1932,1256,2139,2064,2394,1722,1911,1923
ENSRNOG00000011101,2252,2405,2204,1663,1589,2120,2268,1908,2299,2146,1939,1154,2811,2738,2684,3710,3662,3706
ENSRNOG00000004342,2685,3000,3072,162,144,175,1948,1792,2033,2082,2608,1477,2361,2297,2633,1849,2184,2008
ENSRNOG00000006588,653,759,733,959,909,949,530,460,553,738,742,449,782,782,853,695,758,787
ENSRNOG00000006867,88,123,138,303,285,345,96,69,80,105,89,53,132,147,158,283,332,318
ENSRNOG00000045854,546,691,589,664,679,761,606,481,590,698,629,422,711,761,690,940,881,925
ENSRNOG00000023093,94,103,99,148,151,153,132,103,125,184,183,101,472,375,518,545,642,650
ENSRNOG00000026239,672,694,787,1032,982,1101,694,546,647,680,722,413,680,713,804,668,869,820
ENSRNOG00000022777,1572,1860,1835,1666,1449,1752,1664,1495,1582,1651,1703,1018,2297,2135,2396,2845,2917,2905
ENSRNOG00000007250,342,410,419,391,372,379,369,298,332,356,416,226,577,559,642,767,1132,1039
ENSRNOG00000008292,2303,2671,2719,1679,1696,1888,2640,2064,2582,2441,2782,1575,3151,2891,3467,3524,4199,4102
ENSRNOG00000006441,267,267,241,315,252,355,336,260,318,236,238,119,283,302,350,204,339,329
ENSRNOG00000058593,939,1115,1091,1168,1063,1339,1241,1027,1102,975,1187,666,1235,1142,1331,1029,1317,1229
ENSRNOG00000008049,2055,2385,2314,2387,2413,2683,2423,1901,2271,2084,2240,1425,2123,2051,2043,2550,2346,2486
ENSRNOG00000058646,3285,3651,3491,1671,1615,1821,2555,2168,2574,2449,2714,1673,2449,2379,2573,1796,2060,2065
ENSRNOG00000010653,1836,2139,2018,1904,1674,1944,1837,1445,1782,1565,1795,1098,1979,1881,2202,1390,2170,2179
ENSRNOG00000010985,1152,1310,1279,1178,1155,1342,1256,1009,1209,1247,1407,851,1421,1329,1503,1359,1552,1508
ENSRNOG00000005054,6,6,18,15,32,26,4,5,11,6,5,8,9,9,19,14,24,21
ENSRNOG00000008015,411,430,406,191,184,192,305,231,294,288,280,170,189,172,227,155,157,127
ENSRNOG00000004709,591,567,668,463,423,511,570,490,538,407,559,276,508,490,598,283,499,475
ENSRNOG00000005776,214,260,231,77,64,79,233,180,229,204,210,134,248,232,252,235,288,265
ENSRNOG00000004339,1840,2117,1933,1872,1696,2077,1932,1623,1919,1833,1896,1148,2336,2388,2613,2361,2670,2707
ENSRNOG00000049783,1132,1243,1281,970,895,933,1244,1001,1175,1143,1156,720,1405,1364,1622,1590,1618,1655
ENSRNOG00000037562,144,179,139,167,143,195,146,123,124,97,100,90,126,128,130,99,155,118
ENSRNOG00000004711,2892,3100,2958,2375,2276,2666,2936,2386,2916,2719,2960,1664,3467,3305,3679,3773,4110,3994
ENSRNOG00000004268,786,899,992,753,738,745,887,700,868,999,1130,693,1113,957,1169,1042,1145,1120
ENSRNOG00000005472,208,233,221,336,250,363,210,176,226,186,255,158,309,286,321,232,438,436
ENSRNOG00000031081,1053,1172,1118,1524,1451,1690,1070,903,1091,871,1012,601,970,951,1065,803,1051,944
ENSRNOG00000031135,2660,2800,2697,3265,2995,3755,2371,1971,2357,2361,2603,1564,2691,2628,2970,2631,3612,3490
ENSRNOG00000005535,12,12,14,13,18,18,4,6,6,5,10,4,7,6,10,3,8,7
ENSRNOG00000033583,158,190,175,162,195,210,183,123,149,175,189,111,175,201,184,198,174,178
ENSRNOG00000004505,2197,2248,2181,1275,1213,1417,1939,1608,1814,1784,1997,1139,2143,2038,2368,1867,3479,2921
ENSRNOG00000020601,1342,1552,1404,1734,1737,1883,1405,1184,1427,1396,1475,903,1732,1644,1654,1910,1871,1912
ENSRNOG00000020230,803,941,923,863,810,916,838,745,879,825,810,518,1147,1029,1068,1466,1405,1281
ENSRNOG00000020161,1991,2212,2234,2539,2305,2659,2049,1811,2116,1657,1759,1032,1871,1790,1962,1675,2206,2126
ENSRNOG00000033694,1106,1227,1248,461,436,548,1140,969,1224,1072,1039,605,1136,1139,1237,1260,1409,1457
ENSRNOG00000051499,4320,4662,4562,2266,2056,2428,4062,3575,4062,3817,3862,2309,4286,4095,4439,4271,4751,4644
ENSRNOG00000028956,4349,5192,4757,3619,3260,4078,4546,3767,4548,4817,4652,2714,5561,5457,5323,7021,6905,7001
ENSRNOG00000026435,301,292,286,417,389,463,270,186,298,198,217,140,244,209,260,196,312,249
ENSRNOG00000000175,547,603,574,458,411,479,517,400,530,612,583,367,710,715,753,806,863,912
ENSRNOG00000051563,177,200,190,251,211,242,203,169,191,165,210,147,196,182,201,143,211,228
ENSRNOG00000022871,418,458,485,579,535,622,486,375,398,375,408,284,454,401,492,294,414,383
ENSRNOG00000006217,1102,1257,1211,814,757,859,1012,890,1089,985,1020,563,1399,1387,1471,1211,1546,1571
ENSRNOG00000030416,70,83,88,140,131,160,101,69,100,89,100,55,117,135,106,120,126,132
ENSRNOG00000048577,281,368,380,204,244,228,307,264,291,281,325,230,349,327,355,348,413,417
ENSRNOG00000007076,81,116,109,83,68,77,99,76,95,138,130,77,184,180,233,188,264,243
ENSRNOG00000008378,364,471,422,362,406,458,422,304,420,450,472,311,490,494,530,716,652,672
ENSRNOG00000010309,657,789,736,641,562,739,729,627,685,801,798,489,965,898,986,1058,1091,1047
ENSRNOG00000004367,3479,4038,3903,2835,2637,3066,3854,3157,3721,3509,3624,2180,4057,4075,4204,5803,6558,6241
ENSRNOG00000006983,728,840,884,781,723,786,771,598,734,730,759,465,834,866,964,839,962,880
ENSRNOG00000026252,97,145,138,58,56,75,194,127,167,278,290,147,531,490,599,443,697,666
ENSRNOG00000005689,1113,1321,1345,1195,1163,1313,1269,1020,1280,1419,1455,866,1600,1570,1676,1951,1673,1814
ENSRNOG00000042460,459,515,535,508,469,582,538,387,448,582,628,402,1595,1604,1634,3249,5198,4761
ENSRNOG00000006789,1122,1486,1338,442,418,438,1225,1101,1278,1230,1237,835,2034,2072,1858,1219,1128,1203
ENSRNOG00000025120,27,25,31,23,26,27,55,39,39,54,36,20,50,53,51,39,47,36
ENSRNOG00000025023,3257,3733,3426,4376,4134,4624,3270,2653,3259,2977,3196,1988,3722,3647,3865,3105,4762,4541
ENSRNOG00000004306,516,470,567,381,379,394,501,426,547,380,410,272,564,538,602,433,628,576
ENSRNOG00000011136,341,329,309,450,362,459,290,217,271,339,295,201,507,470,498,853,940,829
ENSRNOG00000006118,1586,1931,1776,1289,1299,1330,2160,1611,2045,2579,2749,1555,3157,3130,3337,3059,3404,3371
ENSRNOG00000004109,781,852,854,445,432,466,870,732,839,686,818,465,776,779,833,710,803,798
ENSRNOG00000005417,325,360,373,318,300,345,325,270,303,240,284,144,366,395,444,265,428,329
ENSRNOG00000006412,857,1074,1104,1585,1602,1683,957,778,914,818,939,497,908,793,969,931,1092,1000
ENSRNOG00000004500,1175,1331,1158,1834,1752,1914,1100,918,1121,1467,1514,953,1849,1830,1902,2242,2274,2405
ENSRNOG00000007489,203,218,252,182,166,199,232,177,241,249,219,154,339,366,313,269,440,393
ENSRNOG00000007668,61,70,62,38,43,88,52,63,58,54,47,27,43,57,51,38,37,44
ENSRNOG00000009302,194,262,249,211,198,267,222,203,242,235,208,144,241,226,287,191,223,248
ENSRNOG00000013514,1742,2002,1916,3509,3338,3722,1776,1564,1868,1784,1776,1219,2020,2140,2041,2569,2433,2508
ENSRNOG00000021812,1839,2086,1853,129,132,124,1823,1520,1891,2264,2182,1347,1400,1407,1275,1280,1141,1248
ENSRNOG00000021732,1078,1297,1209,928,888,1032,1164,984,1290,1305,1384,756,1473,1378,1433,1646,1770,1743
ENSRNOG00000030308,617,723,738,696,592,705,651,527,655,575,604,330,539,567,635,566,636,581
ENSRNOG00000050695,189,231,229,216,208,266,216,189,194,168,201,120,218,220,243,196,230,244
ENSRNOG00000012886,752,849,709,1043,967,1109,753,610,763,711,756,515,925,890,942,681,795,779
ENSRNOG00000017801,12639,16147,14533,8558,8395,9497,14299,12188,14712,13911,14177,8918,14225,13839,14155,14889,13961,14298
ENSRNOG00000019383,745,837,899,1022,903,1115,863,597,804,762,780,461,891,911,948,896,1031,965
ENSRNOG00000005332,107,122,128,24,19,22,85,57,104,86,104,61,105,74,96,225,248,218
ENSRNOG00000007400,3711,3986,4026,4310,3922,4480,4020,3197,3940,2755,3143,1742,3315,3218,3631,2694,3256,3013
ENSRNOG00000004588,707,742,741,513,473,537,646,599,660,587,724,414,719,654,803,524,618,608
ENSRNOG00000032420,58,95,75,74,48,70,67,59,55,68,54,55,125,111,122,165,145,152
ENSRNOG00000054420,3587,4137,3930,964,917,997,3480,2744,3176,2079,2462,1542,1418,1349,1573,648,918,906
ENSRNOG00000032447,23,41,22,107,108,124,20,17,29,16,22,14,33,23,27,17,21,23
ENSRNOG00000061499,4754,5038,5021,3886,3959,4497,4971,4130,4801,4141,4823,2744,4959,4915,5718,4152,6269,5801
ENSRNOG00000061088,1796,2144,2120,1655,1577,1733,1964,1612,2085,2128,2247,1348,2514,2461,2773,3406,3258,3406
ENSRNOG00000019653,738,765,805,384,349,401,824,623,748,711,741,461,776,733,907,635,690,702
ENSRNOG00000032395,561,633,557,507,471,511,516,481,593,566,571,388,715,788,754,740,797,793
ENSRNOG00000004595,122,121,118,53,51,66,98,79,120,116,98,73,113,106,96,80,109,107
ENSRNOG00000007607,748,791,675,390,295,371,462,395,428,608,760,400,771,763,835,430,510,495
ENSRNOG00000012499,5229,5504,5407,3461,3247,3605,5057,4168,4901,4197,4578,2716,4169,3932,4545,4445,4686,4416
ENSRNOG00000014082,63,85,51,5,7,12,242,175,257,272,277,150,193,207,234,450,562,594
ENSRNOG00000014084,2062,2083,2260,1927,1737,2107,2109,1761,2030,1986,2282,1412,2929,2713,3234,2515,3335,3124
ENSRNOG00000015269,672,753,736,623,549,634,694,613,697,475,631,347,667,656,783,455,814,787
ENSRNOG00000028679,8,7,7,0,3,2,24,21,26,8,8,2,19,5,10,2,2,3
ENSRNOG00000016141,93,108,102,84,83,78,140,120,133,103,123,67,141,130,148,86,106,148
ENSRNOG00000016149,631,726,733,472,442,510,695,605,692,630,703,424,686,760,745,856,851,767
ENSRNOG00000016199,144,195,171,182,165,139,198,132,197,127,182,108,173,166,169,151,163,100
ENSRNOG00000028619,36,47,35,9,12,19,34,38,30,39,49,20,47,63,56,51,43,48
ENSRNOG00000016613,84,129,108,74,55,93,118,91,94,115,129,58,143,131,138,168,189,205
ENSRNOG00000036833,1609,1781,1616,2144,2203,2451,1524,1318,1437,1465,1465,907,1443,1470,1472,1287,1474,1399
ENSRNOG00000006831,948,1063,1104,2729,2437,2952,841,780,874,845,1006,621,1025,1059,1183,893,1571,1539
ENSRNOG00000006684,278,290,295,315,320,345,273,231,281,291,321,202,293,276,346,224,388,354
ENSRNOG00000048394,128,157,117,157,157,172,137,110,121,129,141,82,166,136,175,122,116,164
ENSRNOG00000034037,2305,2542,2806,2199,2013,2293,2451,1959,2355,2172,2602,1423,2436,2260,2819,2041,2691,2506
ENSRNOG00000020356,213,264,223,286,262,286,223,204,250,236,204,168,245,246,270,263,254,281
ENSRNOG00000014331,394,500,423,437,419,471,462,339,396,422,402,237,449,341,377,378,358,427
ENSRNOG00000007853,293,358,393,194,215,267,407,313,352,344,368,189,410,415,441,365,471,470
ENSRNOG00000008941,3759,4129,4071,1264,1172,1384,4176,3468,4056,2535,2949,1831,3231,3150,3402,2032,2841,2721
ENSRNOG00000028856,420,504,468,359,362,404,348,253,334,393,462,289,484,419,489,309,440,389
ENSRNOG00000058932,185,244,223,97,108,123,209,163,216,282,305,161,304,302,376,322,380,381
ENSRNOG00000009499,229,297,304,243,212,227,314,291,260,311,303,198,366,412,429,362,375,369
ENSRNOG00000029980,0,0,0,1703,1529,1848,2,1,0,0,0,0,2,0,0,0,1,0
ENSRNOG00000016905,1176,1425,1383,1410,1311,1540,1314,1093,1232,1126,1320,734,1455,1387,1580,1439,1810,1765
ENSRNOG00000019677,42,59,47,16,27,28,44,39,35,38,57,22,55,43,64,26,42,31
ENSRNOG00000034272,542,630,663,795,785,941,704,522,566,541,607,399,900,779,927,734,1030,995
ENSRNOG00000008620,1188,1453,1440,932,852,922,880,690,862,1193,1320,771,1762,1709,1971,1326,1690,1584
ENSRNOG00000009173,1779,1850,1821,1194,1077,1455,2881,2411,2913,2034,2073,1154,1937,1960,2031,1358,1475,1488
ENSRNOG00000015977,1684,1797,1664,1062,1038,1180,1642,1441,1682,1373,1536,955,1749,1652,1966,1226,1996,1795
ENSRNOG00000027145,18,27,24,42,47,56,22,24,16,31,19,16,33,35,35,15,22,25
ENSRNOG00000055631,864,1044,1077,805,819,815,973,874,1001,1059,1091,674,1264,1166,1364,1346,1626,1483
ENSRNOG00000060367,769,818,859,618,599,648,771,634,750,665,758,478,828,823,1031,707,1060,1020
ENSRNOG00000010685,1695,1809,1750,680,687,767,1569,1338,1545,1340,1518,864,1836,1628,1862,964,1198,1224
ENSRNOG00000043223,154,181,178,204,233,275,209,179,214,175,205,134,161,190,218,117,180,201
ENSRNOG00000008048,498,602,631,1236,1103,1252,526,439,507,617,572,398,590,558,531,615,559,599
ENSRNOG00000011241,286,334,329,456,456,534,285,212,259,340,367,237,426,354,440,395,455,483
ENSRNOG00000012386,1372,1359,1433,1043,921,1140,1528,1222,1430,1166,1496,881,1307,1168,1428,914,1722,1658
ENSRNOG00000020804,3560,4019,4031,2761,2499,2952,3766,3131,3614,3751,3925,2479,5028,4614,5369,4224,6162,5726
ENSRNOG00000021047,1659,1977,1899,1233,1165,1281,1899,1522,1824,1880,1959,1208,2366,2312,2557,2662,2752,2880
ENSRNOG00000009729,1212,1325,1291,1102,997,1243,1281,1004,1331,1178,1407,905,1636,1548,1693,1191,1619,1687
ENSRNOG00000033433,475,568,517,2304,2024,2337,502,394,489,631,653,395,622,625,643,726,704,684
ENSRNOG00000019382,1746,1860,1876,455,430,465,1427,1260,1515,1336,1491,898,1412,1372,1472,917,1341,1183
ENSRNOG00000025554,624,744,775,678,607,710,736,581,697,678,808,483,887,894,1038,516,986,891
ENSRNOG00000047628,2072,2145,2168,1434,1225,1569,2030,1767,2028,2012,2140,1201,2644,2452,2740,2680,3428,3117
ENSRNOG00000045846,24,23,16,105,86,88,25,31,34,29,29,15,35,60,42,70,77,87
ENSRNOG00000012702,1028,1064,1105,662,656,740,1154,931,1077,1123,1204,707,1279,1260,1419,1275,1614,1507
ENSRNOG00000022804,1459,1527,1524,1061,974,1218,1425,1130,1272,1254,1349,718,1489,1518,1624,1308,1723,1784
ENSRNOG00000014666,290,271,262,327,306,381,234,196,265,247,240,158,342,315,306,312,306,344
ENSRNOG00000022598,373,360,349,272,264,300,308,277,293,296,391,167,392,368,377,482,689,616
ENSRNOG00000018232,5077,5464,5294,2875,2761,3476,4712,3912,4835,4150,4438,2811,4497,4491,4665,3615,4670,4466
ENSRNOG00000018741,798,893,850,505,518,559,806,668,732,569,743,432,782,819,940,675,1096,1023
ENSRNOG00000019975,1734,2098,2227,2322,2114,2395,2103,1564,1959,2254,2150,1290,3058,2981,3341,3462,3690,3438
ENSRNOG00000020193,844,908,947,533,536,588,1008,911,1038,877,960,507,1019,991,1154,901,1190,1048
ENSRNOG00000015382,284,317,316,116,131,141,251,182,218,290,390,236,302,261,318,250,307,294
ENSRNOG00000018830,453,455,441,330,341,358,628,544,647,386,419,237,612,560,638,164,333,321
ENSRNOG00000013408,37,41,52,14,10,6,48,31,43,115,78,57,111,110,135,483,704,547
ENSRNOG00000058243,92,104,92,74,74,76,76,76,94,93,117,64,150,116,138,143,160,176
ENSRNOG00000004076,413,418,452,576,524,609,404,381,432,475,511,305,556,590,686,575,701,657
ENSRNOG00000014079,1923,2247,2187,3689,3407,3972,1652,1224,1510,1831,1945,1319,1978,2027,2255,1600,1928,1760
ENSRNOG00000010188,478,491,553,385,342,460,485,360,458,404,431,239,493,456,543,511,686,626
ENSRNOG00000017491,232,258,250,193,165,207,270,198,229,194,264,167,271,214,294,162,294,219
ENSRNOG00000046242,572,641,602,1080,1106,1109,567,492,530,408,566,335,494,500,555,234,536,476
ENSRNOG00000027430,254,249,277,102,89,128,263,199,206,154,236,182,191,159,201,62,150,136
ENSRNOG00000022414,975,987,905,840,924,1138,932,788,899,878,984,551,1391,1315,1550,1024,1514,1468
ENSRNOG00000033747,831,1047,982,1710,1692,1946,849,704,838,804,927,546,904,945,928,796,836,889
ENSRNOG00000022800,944,1186,1153,1863,1815,1917,1015,794,1020,950,1080,657,1078,998,1166,914,1027,1031
ENSRNOG00000022769,144,172,184,648,651,688,164,126,124,149,108,113,188,167,189,180,255,230
ENSRNOG00000019495,16,32,20,0,1,4,20,21,11,24,24,17,12,19,14,14,14,21
ENSRNOG00000019892,8188,8864,9123,6356,5733,6497,8025,6573,7877,7617,8294,4951,11035,10511,12183,9674,12830,11794
ENSRNOG00000020194,519,574,605,800,729,826,418,335,393,472,480,304,524,524,496,732,634,617
ENSRNOG00000018351,701,757,750,778,727,829,713,609,739,721,729,406,995,958,1002,1172,1119,1116
ENSRNOG00000016719,404,454,460,320,344,367,429,397,407,383,421,246,434,431,453,410,531,467
ENSRNOG00000015906,1069,1367,1176,450,450,453,1169,957,1142,1282,1294,793,1551,1683,1604,1905,1827,1852
ENSRNOG00000002112,1030,1141,1129,1006,972,1058,1123,926,1063,1033,1118,732,1325,1293,1555,1054,1396,1421
ENSRNOG00000047761,473,615,529,421,391,458,507,333,441,456,502,316,676,653,699,631,778,745
ENSRNOG00000043048,33,40,27,19,30,37,27,19,22,23,34,16,49,32,44,61,70,59
ENSRNOG00000037421,49,54,40,43,59,56,56,35,37,43,54,35,69,66,79,85,120,91
ENSRNOG00000002232,978,1028,1067,1527,1413,1751,949,780,848,737,836,544,1018,938,1144,535,1093,947
ENSRNOG00000002149,4,9,3,1,3,0,8,6,7,3,6,2,13,10,7,0,1,7
ENSRNOG00000002004,47,46,50,122,125,165,54,34,56,72,56,28,87,104,113,98,153,175
ENSRNOG00000002074,1498,1515,1653,997,934,1084,1509,1338,1472,1023,1422,821,1716,1722,1964,1018,1840,1708
ENSRNOG00000024689,17,25,10,485,437,558,19,7,27,21,13,11,27,15,18,44,24,29
ENSRNOG00000058588,853,1169,1057,500,472,545,937,893,961,1003,1229,796,949,923,983,721,977,854
ENSRNOG00000002163,2503,2760,2631,2565,2409,2776,2513,1995,2371,1811,2103,1196,2061,1983,2235,1420,1836,1700
ENSRNOG00000011096,521,607,612,598,583,635,642,516,572,828,694,465,1133,1159,1088,1398,1352,1357
ENSRNOG00000046327,3810,4496,4689,3948,3665,4305,4247,3366,4062,4406,5166,3147,5622,5310,6433,8474,11529,10994
ENSRNOG00000003787,69,93,101,97,78,127,79,92,95,95,123,63,189,165,187,198,239,267
ENSRNOG00000029107,19,38,27,38,25,36,20,33,37,52,44,35,123,115,123,180,145,140
ENSRNOG00000028534,288,312,347,168,180,190,318,261,291,219,271,162,287,300,372,163,275,341
ENSRNOG00000005374,816,997,929,992,852,1085,994,731,952,1273,1131,759,1804,1746,1853,2264,2292,2252
ENSRNOG00000027326,929,965,994,954,933,987,933,797,943,780,882,567,1035,974,1074,929,1076,1116
ENSRNOG00000015033,5237,5717,5901,12959,12043,14525,4783,4027,4793,4050,4416,2553,2905,2884,3066,2248,2661,2636
ENSRNOG00000038140,2000,2103,2173,1350,1171,1371,2141,1814,2103,2633,2819,1537,3967,3696,4481,4236,5816,5404
ENSRNOG00000018709,534,679,691,475,447,513,600,506,609,547,548,334,603,636,677,662,698,717
ENSRNOG00000010298,6199,7506,7211,5169,5012,5708,6702,5661,6631,6435,6752,4301,6124,6268,6262,6318,6601,6607
ENSRNOG00000025923,812,932,884,966,1061,1192,797,706,792,879,866,507,1030,1015,1117,1149,1467,1355
ENSRNOG00000004606,2191,2595,2497,1717,1552,1839,2488,2076,2465,1991,2173,1336,2085,2012,2239,1382,1621,1667
ENSRNOG00000054437,92,124,103,74,86,69,111,91,90,105,102,99,108,102,119,117,166,163
ENSRNOG00000002414,13,11,10,16,17,16,9,0,7,5,0,3,14,8,8,9,14,3
ENSRNOG00000007261,71,78,101,160,148,155,92,92,92,75,61,48,124,111,153,31,52,60
ENSRNOG00000056580,24,36,29,177,171,227,30,22,34,17,38,12,28,47,36,10,18,17
ENSRNOG00000053210,3356,3683,3884,3207,3042,3435,3573,2929,3491,3540,3986,2334,4289,4069,4822,4073,5287,5057
ENSRNOG00000028353,47,58,65,154,176,193,62,50,67,52,54,36,67,67,78,52,59,56
ENSRNOG00000030743,173,240,183,387,364,355,69,80,81,169,205,129,249,172,231,303,290,296
ENSRNOG00000058643,1362,1526,1615,1251,1174,1316,1365,1062,1282,1177,1485,913,1481,1499,1640,1212,1729,1616
ENSRNOG00000003595,2,2,7,8,9,11,1,1,3,5,1,3,5,3,7,3,0,1
ENSRNOG00000003720,2886,3266,3243,2691,2443,2871,3004,2657,3178,2436,2947,1805,3217,3155,3409,2938,3922,3983
ENSRNOG00000002884,565,650,621,810,797,852,628,522,647,610,621,420,650,685,648,642,691,700
ENSRNOG00000004537,2,3,5,2,1,6,10,2,10,5,6,3,3,12,18,17,25,27
ENSRNOG00000004642,20,11,36,6,4,8,12,18,14,14,14,3,19,16,25,10,12,10
ENSRNOG00000024632,3323,3631,3536,2415,2219,2574,3182,2672,2942,2675,3366,1963,2847,2641,3307,2281,3696,3284
ENSRNOG00000004423,411,485,480,257,204,282,443,364,390,409,437,252,428,423,490,511,665,615
ENSRNOG00000023541,2263,2601,2715,2250,2124,2427,2521,2065,2489,2541,2850,1682,3828,3675,4209,3262,4715,4475
ENSRNOG00000002309,193,259,265,323,282,306,318,258,292,192,247,156,364,359,387,288,312,303
ENSRNOG00000003716,49,40,40,29,40,33,38,49,47,16,26,14,27,22,19,20,21,12
ENSRNOG00000003745,89,156,154,10,31,21,122,111,161,105,113,87,117,128,102,48,35,29
ENSRNOG00000046445,623,677,616,778,661,721,563,540,605,619,692,411,610,690,773,592,798,732
ENSRNOG00000002520,7090,8228,7785,4856,4651,5349,6682,5745,6797,5911,6397,3707,5698,5375,5499,5550,6057,6127
ENSRNOG00000002610,929,1317,1183,1988,1918,2189,1101,902,979,1170,1196,762,1642,1580,1602,2230,2160,2241
ENSRNOG00000003328,618,769,684,761,796,807,734,612,614,705,631,406,765,748,749,838,846,898
ENSRNOG00000004766,2132,2391,2106,1538,1369,1538,1883,1582,1711,1820,1957,1176,2270,2152,2400,1553,1829,1804
ENSRNOG00000005227,65,57,66,82,89,76,51,51,60,96,97,49,227,207,230,298,287,313
ENSRNOG00000007576,55,83,77,99,66,99,69,55,50,57,59,40,72,70,92,42,69,63
ENSRNOG00000007655,195,218,218,173,181,218,199,149,187,165,176,100,179,149,187,112,126,162
ENSRNOG00000007678,296,308,307,240,211,284,291,223,317,292,336,175,436,386,480,347,460,384
ENSRNOG00000003455,25,21,9,31,24,33,17,13,14,6,15,7,23,16,17,14,26,17
ENSRNOG00000009224,526,645,585,492,502,567,540,454,551,619,719,409,787,837,803,657,789,805
ENSRNOG00000020239,469,443,412,345,285,391,377,336,358,399,464,214,464,494,487,404,588,540
ENSRNOG00000020769,274,299,281,1065,908,1086,248,187,220,209,284,166,460,436,585,297,404,380
ENSRNOG00000028845,1204,1287,1334,3950,3374,4075,1246,1039,1267,897,1069,624,1120,1057,1287,995,1216,1014
ENSRNOG00000051756,572,644,676,915,812,949,665,472,548,471,620,323,693,693,800,490,781,693
ENSRNOG00000029205,1160,1305,1424,665,591,668,1153,983,1065,1066,1240,698,793,789,871,538,729,742
ENSRNOG00000003634,166,197,172,202,171,242,173,131,195,155,177,97,181,177,181,133,172,189
ENSRNOG00000005872,539,584,570,141,139,146,789,626,740,658,654,430,885,812,896,951,1460,1414
ENSRNOG00000006965,5944,6651,7070,5024,4507,5291,6488,5185,5962,4721,6014,3783,5736,5559,6690,3375,5935,5620
ENSRNOG00000008144,324,385,393,297,302,291,354,301,373,379,437,238,555,615,632,519,531,498
ENSRNOG00000032902,13090,14683,13989,12966,11970,15631,12760,11306,13177,13114,13050,7971,15963,15900,15321,17927,18693,19249
ENSRNOG00000038478,313,375,335,341,346,381,401,319,401,445,471,294,682,608,643,901,865,845
ENSRNOG00000002682,240,306,262,349,336,424,289,225,248,425,506,303,540,499,583,655,788,764
ENSRNOG00000002713,631,759,718,555,492,541,715,559,654,672,705,429,763,711,888,739,892,900
ENSRNOG00000022431,41,71,78,71,122,121,58,42,72,66,84,42,81,70,87,65,91,73
ENSRNOG00000003129,898,948,929,731,689,807,826,701,898,918,959,509,1165,1137,1299,1070,1322,1339
ENSRNOG00000003463,1900,2035,2178,871,926,1019,1853,1551,1816,1497,1720,975,1657,1548,1645,1543,1909,1628
ENSRNOG00000003981,323,430,384,544,479,549,312,313,338,364,401,294,513,467,499,374,476,516
ENSRNOG00000010756,2322,2688,2607,1497,1594,1720,2411,2000,2448,2668,2683,1556,3504,3490,3643,4282,4433,4649
ENSRNOG00000014689,1335,1476,1422,1509,1370,1517,1328,1031,1252,955,1189,699,1027,1088,1193,746,1338,1178
ENSRNOG00000017117,6,4,7,7,2,2,3,4,5,7,8,5,18,21,17,30,46,35
ENSRNOG00000059956,7,5,7,11,5,6,2,3,5,3,2,0,8,8,11,14,9,13
ENSRNOG00000004283,1306,1478,1307,1512,1373,1554,1320,1069,1220,1089,1244,783,1191,1127,1285,1114,1545,1380
ENSRNOG00000005009,16,21,17,55,51,43,14,15,18,10,11,16,33,26,39,26,41,46
ENSRNOG00000002894,972,1049,1011,1052,923,1051,905,826,1043,759,916,496,1202,1149,1303,946,1296,1133
ENSRNOG00000057619,487,542,488,291,246,305,400,347,425,300,323,218,307,291,318,161,197,227
ENSRNOG00000010870,37,36,35,98,121,112,29,24,21,41,38,32,38,34,37,37,40,29
ENSRNOG00000002757,660,790,752,531,546,535,713,580,743,766,802,508,909,882,878,914,1048,965
ENSRNOG00000003517,428,502,461,387,372,420,580,434,568,445,480,290,463,484,444,359,444,407
ENSRNOG00000003544,631,741,655,990,1024,1229,665,578,723,663,748,464,1047,1056,1134,1056,1291,1287
ENSRNOG00000006796,790,1012,953,579,638,649,897,771,945,876,983,567,1043,1025,1064,858,1120,1077
ENSRNOG00000009819,1497,1764,1789,1765,1690,1859,1527,1168,1570,1541,1784,1145,1958,1835,2213,2256,2759,2610
ENSRNOG00000002671,16958,22269,19552,20164,19992,22186,20050,16854,20286,20569,19896,13050,19090,20341,16482,25692,22194,23465
ENSRNOG00000004278,353,439,458,243,230,245,499,430,514,608,659,387,952,920,1026,1084,1332,1318
ENSRNOG00000004399,8,2,7,10,14,15,5,4,12,5,6,5,3,3,2,4,5,2
ENSRNOG00000046799,2926,3595,3324,3303,2930,3457,3340,2711,3220,3680,3529,2215,4089,4078,4005,5307,5041,5184
ENSRNOG00000017001,398,392,439,318,270,358,396,335,428,310,332,189,376,379,409,237,349,356
ENSRNOG00000008830,7224,8241,7706,13256,12143,13795,7148,5692,6792,5877,6678,4076,6485,6289,6987,5381,7354,6972
ENSRNOG00000009066,1513,1740,1642,1665,1545,1687,1391,1157,1411,1204,1382,833,1307,1245,1377,1121,1337,1261
ENSRNOG00000009329,449,629,547,422,399,396,512,402,463,415,441,255,804,853,880,509,615,618
ENSRNOG00000009972,1258,1523,1465,1144,1084,1298,1451,1178,1403,1174,1258,700,1181,1167,1272,1068,1251,1181
ENSRNOG00000010676,4662,5704,5129,4924,4673,5222,4835,3958,4884,5071,5176,3375,6017,6012,6218,5736,6497,6283
ENSRNOG00000019496,588,649,596,608,605,711,555,476,533,510,622,388,577,567,630,725,816,862
ENSRNOG00000019742,7659,8623,8511,10760,9820,11499,7517,6269,7385,6430,7099,4403,5563,5496,6236,4517,5949,5499
ENSRNOG00000019983,1369,1613,1555,2162,2151,2329,1361,1159,1258,1531,1649,1053,1707,1564,1502,2352,2422,2296
ENSRNOG00000020792,358,420,396,287,319,309,350,277,342,637,589,360,896,877,858,1512,1532,1620
ENSRNOG00000020937,4042,4349,4133,3221,2858,3326,3951,3364,3971,4756,4709,2881,6129,5905,6792,7154,7540,7181
ENSRNOG00000002607,1166,1192,1354,55,41,45,1308,1163,1404,979,1192,598,857,863,1075,1263,1431,1315
ENSRNOG00000036697,1102,1148,1138,939,898,1175,1080,891,1136,978,1108,646,1423,1441,1514,1612,1964,1928
ENSRNOG00000036663,2266,2647,2653,1679,1625,1740,2497,2098,2572,2352,2601,1348,2786,2678,3152,2864,3431,3113
ENSRNOG00000014237,1110,1308,1253,2136,1994,2340,1180,1044,1220,816,869,500,907,911,954,972,986,994
ENSRNOG00000046912,612,656,687,649,599,715,662,579,697,635,642,387,1030,995,1143,824,1078,977
ENSRNOG00000024061,24,35,32,26,28,36,17,15,14,37,37,26,44,48,45,35,28,24
ENSRNOG00000011167,425,513,486,438,418,484,584,391,525,995,943,536,1570,1410,1664,1977,2564,2421
ENSRNOG00000011544,383,375,347,466,459,539,317,271,324,332,364,204,456,462,504,528,526,548
ENSRNOG00000013287,546,566,506,288,248,277,434,379,459,365,460,228,445,483,560,320,437,451
ENSRNOG00000014887,111,151,144,151,151,175,144,92,146,122,104,63,154,150,161,142,140,168
ENSRNOG00000025634,268,262,281,159,156,157,288,235,223,271,261,162,377,341,381,376,564,471
ENSRNOG00000019478,465,544,477,839,827,938,474,375,458,407,437,268,487,438,520,384,445,500
ENSRNOG00000020482,1942,2102,2026,2026,1862,2094,1857,1576,1829,1585,1731,991,1549,1569,1732,1522,1669,1612
ENSRNOG00000021680,112,159,179,406,421,420,159,151,185,173,173,108,203,194,191,203,250,247
ENSRNOG00000011548,4,17,7,3,2,3,6,9,18,17,17,7,5,13,12,9,12,16
ENSRNOG00000013326,221,229,245,207,197,257,229,178,218,143,212,143,207,202,298,104,241,235
ENSRNOG00000014191,387,427,477,405,401,405,345,285,335,386,393,245,407,435,476,649,917,739
ENSRNOG00000017828,499,536,484,31,42,40,233,229,270,419,527,313,209,204,217,111,216,166
ENSRNOG00000001030,4632,5688,5653,20613,19742,22124,5874,4814,5900,4746,4820,3012,5813,5889,5996,5932,5762,6043
ENSRNOG00000008834,477,510,541,311,283,289,536,416,528,306,365,203,300,274,343,113,190,172
ENSRNOG00000008785,864,879,935,254,267,302,542,436,564,1049,1125,580,1858,1864,2047,1715,2027,1979
ENSRNOG00000009145,606,582,610,460,401,493,580,412,501,345,484,260,463,432,518,258,600,570
ENSRNOG00000027234,415,489,551,357,248,331,488,453,532,878,864,507,1295,1198,1416,1851,1904,1833
ENSRNOG00000022870,1241,1416,1448,1105,999,1168,1416,1151,1286,1303,1437,874,1774,1727,1886,1748,2339,2170
ENSRNOG00000011423,1260,1356,1245,1974,1743,2177,1121,928,1209,1406,1430,804,1648,1675,1660,2458,2359,2409
ENSRNOG00000018355,199,223,244,191,198,271,363,308,376,247,289,166,357,384,376,669,633,625
ENSRNOG00000011668,1329,1617,1485,1834,1677,1847,1329,1067,1319,1233,1430,821,1122,1019,1086,971,1026,936
ENSRNOG00000016099,454,520,512,2145,2224,2832,702,685,691,443,443,283,624,651,602,611,629,710
ENSRNOG00000045918,336,348,363,317,285,325,368,327,395,276,339,162,351,310,359,216,327,326
ENSRNOG00000014460,1369,1406,1394,1076,979,1160,1299,1185,1218,968,1159,771,1253,1212,1391,819,1287,1235
ENSRNOG00000015701,1082,1162,1162,869,716,914,994,810,994,740,974,629,1081,1033,1253,1038,1692,1506
ENSRNOG00000029273,357,413,425,293,206,237,420,317,425,305,368,215,434,381,468,391,566,518
ENSRNOG00000017318,473,551,577,603,674,700,543,471,527,431,550,337,612,576,603,464,616,555
ENSRNOG00000053635,321,344,344,212,206,269,367,276,324,309,401,252,456,456,543,295,553,459
ENSRNOG00000051823,86,89,85,96,99,111,94,62,103,79,68,63,78,88,77,74,90,78
ENSRNOG00000053518,848,941,1038,1053,965,1199,953,839,942,908,1148,642,1261,1215,1440,1022,1288,1296
ENSRNOG00000055000,896,1124,1063,1043,1060,1277,1031,832,961,990,972,692,1135,1223,1251,1029,1133,1130
ENSRNOG00000030925,68,106,107,36,27,54,95,64,93,78,70,46,66,86,62,59,70,70
ENSRNOG00000016391,1015,1073,1077,1351,1296,1452,1002,860,1045,922,1125,630,1135,1120,1269,983,1163,1168
ENSRNOG00000017863,1971,2070,2210,1359,1174,1497,1492,1279,1595,2063,2397,1422,2160,2079,2417,1924,3104,2833
ENSRNOG00000028329,104,139,142,83,69,92,138,109,112,133,124,68,138,146,141,126,130,148
ENSRNOG00000014900,431,605,465,637,622,651,453,398,477,449,453,246,535,491,514,522,525,499
ENSRNOG00000021584,281,333,339,260,249,335,306,268,306,353,346,196,412,382,446,424,447,444
ENSRNOG00000016885,3270,3608,3951,3589,3244,3708,3369,2787,3227,2536,3046,1907,3118,3013,3298,2076,2729,2592
ENSRNOG00000019336,131,120,121,123,86,123,130,90,123,142,115,75,109,101,120,112,128,87
ENSRNOG00000000150,2487,3014,2921,2067,1927,2290,2827,2419,2814,2646,2641,1635,2255,2271,2413,2215,2318,2367
ENSRNOG00000010488,2531,2504,2535,3205,3035,3659,2346,1906,2182,1979,2316,1330,3480,3401,3881,3782,6426,5899
ENSRNOG00000020045,0,1,1,0,0,1,2,0,4,0,5,1,3,3,4,13,3,9
ENSRNOG00000060701,130,193,156,209,183,238,159,133,148,162,160,98,207,208,215,143,212,169
ENSRNOG00000016186,296,323,343,357,310,334,315,274,312,299,310,186,323,275,366,271,326,321
ENSRNOG00000016892,3318,3728,3342,1702,1757,2285,3374,2798,3424,3021,2827,1705,2634,2857,2735,2573,2641,2800
ENSRNOG00000019568,4532,4865,4578,4035,3930,5148,4439,3771,4721,3562,3528,2018,3479,3481,3321,3253,3322,3396
ENSRNOG00000033318,128,175,154,204,217,243,155,118,154,151,180,111,181,194,219,262,217,255
ENSRNOG00000022173,2943,3273,3190,2281,2062,2563,2743,2370,2835,2864,2975,1582,3595,3370,3710,3796,4477,4085
ENSRNOG00000011492,172,190,175,210,210,238,159,170,158,170,182,121,198,186,201,190,209,201
ENSRNOG00000033351,272,319,344,453,413,426,279,274,254,373,384,203,421,377,464,426,515,497
ENSRNOG00000042504,35,65,59,18,10,16,60,45,53,47,52,27,53,46,57,37,63,73
ENSRNOG00000032550,0,8,4,0,0,0,5,4,1,6,5,8,8,6,12,8,10,14
ENSRNOG00000013167,909,1100,1051,1263,1136,1277,1299,1044,1348,2333,2130,1379,4328,4214,4245,6489,6065,6008
ENSRNOG00000060448,1032,1268,1134,2374,2028,2337,1055,1020,1050,1134,1079,690,1397,1299,1306,1807,1707,1507
ENSRNOG00000058908,1669,1940,2052,1894,1781,2055,2001,1716,1984,2410,2387,1426,3376,3174,3271,5033,4525,4406
ENSRNOG00000009824,466,561,476,961,854,967,464,441,512,379,440,299,578,499,513,485,547,552
ENSRNOG00000015426,157,137,180,119,106,125,130,117,156,93,138,79,130,127,149,93,125,134
ENSRNOG00000019222,2538,3102,2896,2946,2789,3223,2807,2290,2733,3525,3334,1945,3973,3966,4249,5900,5962,5681
ENSRNOG00000053205,1832,2235,2310,1916,1879,2159,2329,1746,2204,1972,2080,1296,2568,2431,2784,2624,3300,3261
ENSRNOG00000001582,1705,1903,1924,3273,2886,3443,1702,1440,1583,1404,1764,1040,2227,1998,2355,1366,2401,2261
ENSRNOG00000002036,684,740,728,668,637,736,727,615,709,889,1002,596,1331,1320,1368,1043,1353,1358
ENSRNOG00000001704,2405,2447,2449,466,413,536,2420,1870,2287,1926,2328,1251,2234,2075,2417,1747,2308,2064
ENSRNOG00000054203,155,132,134,73,88,100,143,120,119,119,105,68,108,112,117,83,102,133
ENSRNOG00000001652,27,25,22,1,1,0,30,16,32,19,21,15,13,18,22,4,2,4
ENSRNOG00000001647,863,948,1048,593,576,640,883,741,885,974,1097,551,904,860,1014,834,966,956
ENSRNOG00000001620,421,472,492,353,345,442,447,404,470,439,465,305,656,616,775,537,793,754
ENSRNOG00000001623,723,803,829,571,493,630,742,558,757,598,737,396,924,869,1015,786,1029,979
ENSRNOG00000051867,209,255,274,305,299,323,244,193,225,279,278,152,311,281,307,256,302,334
ENSRNOG00000001613,734,864,932,728,690,801,796,733,794,795,969,551,1321,1123,1309,1002,1280,1253
ENSRNOG00000033321,250,296,307,343,306,318,334,298,318,648,575,364,1128,1141,1210,1817,1539,1615
ENSRNOG00000001971,506,613,603,758,677,800,602,496,536,370,552,290,537,518,690,536,966,819
ENSRNOG00000027756,653,688,737,442,474,572,704,552,622,470,695,430,703,686,851,493,985,880
ENSRNOG00000001720,1331,1464,1288,550,541,631,1225,1085,1297,1268,1232,730,1849,1817,1755,1122,1117,1193
ENSRNOG00000001843,298,319,323,760,677,764,284,239,258,322,351,224,449,507,567,517,665,677
ENSRNOG00000001785,2064,2368,2257,1121,1011,1210,2071,1754,2037,1949,2188,1184,2315,2254,2476,2634,3245,3149
ENSRNOG00000037967,495,595,552,481,450,525,498,398,535,603,592,395,694,739,599,860,853,799
ENSRNOG00000050869,687,939,790,7193,7230,8066,755,587,826,629,697,397,473,434,444,480,388,451
ENSRNOG00000047699,1862,2258,2130,798,808,947,2296,1821,2252,1534,1576,1020,1572,1488,1573,1070,1156,1198
ENSRNOG00000023433,25,14,14,19,19,22,11,13,13,14,15,14,8,25,13,4,6,13
ENSRNOG00000016874,2228,2424,2493,1455,1342,1670,2041,1748,2135,2198,2335,1374,1837,1861,2133,1590,2056,1972
ENSRNOG00000049137,303,361,337,364,324,429,338,236,343,346,316,216,468,410,431,331,422,407
ENSRNOG00000019422,11430,12724,11330,3067,3221,3321,7846,6141,7557,9456,10421,5979,8382,8144,8923,5421,6863,6520
ENSRNOG00000014096,1996,2218,2325,2665,2516,2945,2463,2025,2287,2400,2692,1546,3313,3074,3770,3173,3896,3690
ENSRNOG00000023197,1522,1630,1575,1735,1613,1888,1406,1158,1413,1165,1296,751,1331,1345,1530,683,1026,1040
ENSRNOG00000017116,1246,1341,1244,1034,1057,1240,1210,963,1162,965,1034,603,1178,1154,1243,916,1319,1283
ENSRNOG00000011853,3331,3633,3473,4082,3689,4359,3335,2986,3238,3047,3183,1981,3658,3632,3537,3993,4199,3994
ENSRNOG00000051965,2321,2615,2713,2721,2617,2905,2525,1945,2446,2227,2477,1500,2779,2632,2934,2270,2979,2855
ENSRNOG00000018359,2486,2432,2337,2916,2670,3462,3421,2781,3545,2838,2980,1590,3141,3069,3664,2672,3125,3070
ENSRNOG00000047924,240,258,282,13,18,19,209,187,219,318,381,200,217,189,239,221,280,241
ENSRNOG00000018140,1811,2109,2184,1279,1191,1413,2109,1568,2045,1747,1876,1174,2276,2135,2209,2198,2378,2288
ENSRNOG00000017493,1333,1676,1655,1843,1790,1961,1557,1290,1547,1557,1550,966,1824,1739,1792,1952,2402,2537
ENSRNOG00000016208,401,438,415,393,372,450,434,386,431,253,376,204,350,323,440,78,271,285
ENSRNOG00000053370,1060,1097,1137,763,703,808,1034,873,943,1012,1046,623,1199,1154,1290,1149,1361,1383
ENSRNOG00000017146,1022,1012,1082,306,308,333,995,795,920,950,1117,617,1067,958,1126,709,995,889
ENSRNOG00000016258,1049,1131,1127,1965,1779,2102,1117,973,994,858,1044,602,1121,1071,1274,759,1466,1329
ENSRNOG00000016246,802,836,792,1481,1332,1652,724,601,706,794,872,470,1105,973,1170,1254,1957,1847
ENSRNOG00000043357,677,773,760,571,560,670,702,545,705,600,726,449,901,893,1000,586,992,930
ENSRNOG00000013878,916,959,1004,750,712,776,1004,822,1004,1024,1110,647,1251,1174,1277,1181,1373,1433
ENSRNOG00000011533,311,331,363,286,254,321,270,284,280,372,331,228,949,983,1069,810,829,729
ENSRNOG00000011180,343,351,313,352,360,443,328,282,366,287,325,188,502,470,472,450,445,444
ENSRNOG00000014658,10,32,27,6,4,2,39,37,46,23,20,17,14,15,6,0,8,5
ENSRNOG00000006049,916,1131,928,737,649,775,909,775,901,878,903,520,994,935,1092,963,1171,1106
ENSRNOG00000002983,2656,2707,2712,1830,1644,1851,2179,1982,2187,1877,2223,1286,2223,2026,2368,1721,2841,2609
ENSRNOG00000018483,1427,1534,1650,1639,1524,1765,1527,1262,1503,1420,1602,911,1750,1728,1947,1660,1896,1853
ENSRNOG00000011697,581,601,602,277,277,335,532,410,533,391,570,344,617,558,648,358,674,600
ENSRNOG00000034007,474,528,549,127,93,96,369,296,373,484,575,355,488,434,567,429,773,713
ENSRNOG00000014647,3939,4616,4805,2457,2400,2605,5585,4347,5273,4948,5279,3189,5305,5092,5508,6415,6488,6385
ENSRNOG00000015708,907,1042,1019,1015,1048,1160,977,822,966,1115,1054,643,1365,1340,1469,1771,1834,1775
ENSRNOG00000017674,1858,2076,2096,1575,1415,1633,1988,1595,2008,1940,2142,1272,2941,2742,3064,2866,3742,3462
ENSRNOG00000011879,2914,3020,3150,4027,4017,4395,2774,2347,2731,2411,3201,1725,2799,2689,3340,2938,4652,4294
ENSRNOG00000020087,87,144,118,223,201,211,121,125,123,116,133,82,122,131,168,161,143,190
ENSRNOG00000020435,409,602,510,423,355,447,492,392,510,484,492,283,738,690,738,661,708,784
ENSRNOG00000016971,212,259,221,191,175,219,196,156,212,242,226,191,310,292,331,231,348,283
ENSRNOG00000014452,1518,1355,1376,790,684,783,1370,1157,1342,901,1216,703,1246,1226,1521,752,1702,1511
ENSRNOG00000019059,97,105,110,72,76,86,98,78,92,119,109,47,122,154,150,124,149,141
ENSRNOG00000012428,690,674,624,987,909,1124,585,476,495,570,704,414,848,784,780,579,669,644
ENSRNOG00000047446,312,359,354,55,75,78,419,394,409,350,322,191,409,424,395,654,760,722
ENSRNOG00000043077,538,530,474,318,342,414,499,467,535,470,437,244,641,604,684,631,694,707
ENSRNOG00000016631,411,458,423,351,371,408,425,354,470,472,433,270,552,562,586,556,673,628
ENSRNOG00000017023,7113,8273,7900,6087,5773,6651,7270,6000,7338,6993,7168,4307,6822,6491,6831,6273,6831,6909
ENSRNOG00000051482,607,747,717,663,602,749,713,658,713,889,847,535,1227,1228,1176,1946,1669,1594
ENSRNOG00000022730,477,558,554,418,320,375,472,418,475,443,504,276,489,548,575,360,540,499
ENSRNOG00000058288,261,278,321,359,393,414,355,265,306,437,446,250,639,609,663,1050,916,953
ENSRNOG00000046487,16,17,19,13,19,21,22,15,26,14,17,11,23,23,24,50,31,42
ENSRNOG00000000464,1038,1181,1223,1219,1065,1419,1035,906,1084,1108,1208,742,1218,1253,1310,1315,1353,1391
ENSRNOG00000000440,1412,1606,1697,1305,1135,1422,1439,1229,1568,1509,1674,1012,1657,1537,1659,1868,2030,1993
ENSRNOG00000000431,3247,3836,3503,4535,4193,4915,3192,2701,3307,3044,3157,1952,3570,3473,3785,4215,4678,4429
ENSRNOG00000000488,4917,5401,5070,2293,2043,2476,4320,3808,4474,7495,6506,3764,13533,13360,13173,35532,39622,39797
ENSRNOG00000000501,834,810,788,698,642,742,742,602,709,697,720,451,727,667,719,730,815,725
ENSRNOG00000000503,935,994,1086,948,929,1014,849,741,873,787,844,447,692,707,754,663,813,797
ENSRNOG00000000506,3739,4198,3936,3185,2936,3308,3387,2773,3349,3518,3917,2260,3585,3624,3530,2759,3183,3215
ENSRNOG00000001184,724,898,859,654,570,675,901,709,840,854,837,587,1024,1003,1143,1070,1228,1233
ENSRNOG00000028441,311,351,374,324,282,323,363,301,336,345,370,262,476,431,563,418,559,513
ENSRNOG00000000613,610,775,760,653,632,651,738,547,681,872,853,570,1125,1077,1097,1534,1457,1383
ENSRNOG00000000635,2357,2319,2342,2340,2146,2340,2277,1891,2145,1414,1930,1183,1850,1804,2121,917,1870,1657
ENSRNOG00000000640,778,824,735,67,61,71,376,339,413,591,727,412,333,317,350,279,294,263
ENSRNOG00000000808,622,905,827,674,661,735,790,612,786,860,917,579,1221,1141,1237,1421,1571,1501
ENSRNOG00000000308,293,324,306,210,254,294,282,241,293,267,300,211,366,429,390,329,361,390
ENSRNOG00000000299,403,441,491,3626,3101,3826,371,285,379,321,403,246,491,493,559,327,578,522
ENSRNOG00000000323,59,101,66,68,54,79,81,78,67,29,57,14,60,55,56,13,22,29
ENSRNOG00000000974,596,645,630,543,532,589,582,512,605,509,505,294,715,646,673,679,696,627
ENSRNOG00000000891,274,380,399,361,355,412,357,271,322,278,323,191,293,321,372,242,342,348
ENSRNOG00000030410,378,362,391,310,379,448,363,320,410,302,341,162,311,379,393,287,357,358
ENSRNOG00000029813,4219,5612,5295,5083,4820,5559,5430,4653,5387,6607,6206,3881,9214,8818,9195,11868,12525,12510
ENSRNOG00000050016,754,969,809,708,737,783,736,633,760,805,888,521,816,882,885,1067,1085,1167
ENSRNOG00000060129,1233,1585,1539,1595,1595,1784,1384,1154,1264,1211,1428,866,1479,1482,1661,1202,1508,1414
ENSRNOG00000059552,398,459,452,503,428,511,382,322,380,423,467,275,493,484,492,435,559,538
ENSRNOG00000000983,169,232,238,363,396,396,222,161,211,213,190,111,324,305,318,266,283,283
ENSRNOG00000042213,268,258,244,252,238,248,266,205,240,252,269,141,371,368,360,278,387,378
ENSRNOG00000030579,18,22,20,1,3,4,16,14,13,12,16,3,23,20,19,10,18,13
ENSRNOG00000001094,234,260,226,195,171,199,201,170,187,194,201,133,258,265,311,176,251,254
ENSRNOG00000006958,144,163,134,141,149,130,134,108,142,109,141,84,180,144,155,98,143,127
ENSRNOG00000001099,157,163,158,182,174,204,186,145,193,166,154,92,171,183,194,120,193,209
ENSRNOG00000001104,609,654,616,579,519,573,595,453,612,455,542,307,698,716,859,480,779,742
ENSRNOG00000028651,60,66,57,55,79,97,67,39,48,59,67,44,70,61,58,49,67,69
ENSRNOG00000001323,310,351,359,363,339,390,337,279,277,258,316,198,343,319,383,270,347,344
ENSRNOG00000001335,540,666,597,623,565,666,581,477,572,437,547,327,620,625,698,315,615,534
ENSRNOG00000039234,530,572,607,441,450,564,610,441,571,586,564,348,704,717,794,601,612,607
ENSRNOG00000050805,1712,1957,1827,2202,2000,2411,1791,1484,1673,1454,1704,953,1517,1508,1623,1659,1668,1741
ENSRNOG00000001424,2754,3060,2920,3509,3295,3727,2883,2461,2905,2203,2671,1621,2719,2729,2963,2019,3472,3135
ENSRNOG00000046171,0,0,0,113,125,135,0,0,0,0,1,0,2,0,0,1,1,3
ENSRNOG00000001478,1826,1853,1817,836,864,913,1745,1546,1724,1905,2041,1113,1963,1939,2037,1878,2256,2140
ENSRNOG00000001479,4563,5082,4722,4653,4329,5207,4342,3707,4314,4156,4425,2600,4534,4611,4776,4865,5847,5642
ENSRNOG00000001004,7341,7698,7262,4429,4060,4699,6695,5728,6343,5365,6025,3529,6520,6335,7225,4341,7609,7304
ENSRNOG00000001255,761,830,829,726,743,807,775,609,729,554,647,371,614,649,736,380,746,742
ENSRNOG00000001399,256,288,275,389,342,380,258,202,204,226,319,138,315,348,358,392,398,412
ENSRNOG00000008706,526,499,566,498,428,477,578,487,567,483,553,333,830,788,821,739,961,928
ENSRNOG00000037428,102,113,93,108,109,139,95,51,114,102,99,75,100,95,126,67,98,51
