ENSEMBL ID,Gene Symbols,baseMean,log2FoldChange,lfcSE,stat,pvalue,padj,Gene names
ENSRNOG00000000158,Cdo1,399.0690348,4.849724918,0.111887766,43.34455029,0.0,0.0,
ENSRNOG00000000172,Sqor,1645.577881,3.587780336,0.059454591,60.34488271,0.0,0.0,
ENSRNOG00000000299,Foxo3,937.7740146,3.230518991,0.117081789,27.59198513,1.39e-167,5.03e-166,
ENSRNOG00000000302,Sesn1,764.7201501,3.708396848,0.077611605,47.78147379,0.0,0.0,
ENSRNOG00000000413,unkown,679.4262146,3.009968724,0.099211434,30.33892964,3.52e-202,1.6700000000000002e-200,
ENSRNOG00000000566,Pcbd1,195.6529517,2.29200417,0.164706287,13.9157054,5.09e-44,4.6600000000000004e-43,
ENSRNOG00000000572,Chst3,1669.197533,2.436481294,0.094460701,25.79359749,1.05e-146,3.15e-145,
ENSRNOG00000000704,Cmklr1,1565.34994,3.300235052,0.073543399,44.87466029,0.0,0.0,
ENSRNOG00000000781,Rnf39,59.71192216,3.77717339,0.25947353,14.55706633,5.27e-48,5.19e-47,
ENSRNOG00000000825,Calhm5,143.3754578,3.344377946,0.152790796,21.8886087,3.34e-106,6.94e-105,
ENSRNOG00000000897,Rxfp2,28.66265162,2.719429053,0.375019942,7.251425187,4.12e-13,1.64e-12,
ENSRNOG00000000906,Medag,1506.460832,2.617131045,0.060331981,43.37883475,0.0,0.0,
ENSRNOG00000000907,Alox5ap,88.53131786,2.912355847,0.212917685,13.67831823,1.37e-42,1.22e-41,
ENSRNOG00000000956,Rasl11a,146.6434691,3.865556091,0.169091242,22.86077064,1.14e-115,2.6e-114,
ENSRNOG00000001030,Tsc22d1,7945.460324,2.149368181,0.045762082,46.96832186,0.0,0.0,
ENSRNOG00000001227,Adarb1,1961.099795,3.106180922,0.107226056,28.96852731,1.64e-184,6.8e-183,
ENSRNOG00000001242,Gstt3,24.67635695,2.23806214,0.313331596,7.142791118,9.15e-13,3.59e-12,
ENSRNOG00000001261,Ftcd,20.98485607,2.1489683,0.384397967,5.590477794,2.26e-08,7.08e-08,
ENSRNOG00000001271,Card6,7.05955479,2.018899154,0.578575972,3.489427924,0.000484056,0.001087857,
ENSRNOG00000001376,Mettl7a,538.5213798,3.165489901,0.080791408,39.18102181,0.0,0.0,
ENSRNOG00000001404,Agfg2,444.2201831,2.565123486,0.085597191,29.96737911,2.61e-197,1.21e-195,
ENSRNOG00000001414,Serpine1,147721.2224,2.086601596,0.055457197,37.62544261,0.0,0.0,
ENSRNOG00000001506,Tmem35a,646.1496706,2.291833938,0.082148726,27.89859389,2.77e-171,1.0300000000000001e-169,
ENSRNOG00000001516,Rapgef4,480.6019155,3.463977723,0.127442484,27.18071419,1.1000000000000001e-162,3.85e-161,
ENSRNOG00000001607,Adamts1,15688.16172,3.356867553,0.058547576,57.33572193,0.0,0.0,
ENSRNOG00000001627,Abi3bp,1199.005988,3.253736715,0.118087451,27.55361959,4e-167,1.45e-165,
ENSRNOG00000001629,Get1,898.6039963,2.476256978,0.084714148,29.23073701,7.89e-188,3.38e-186,
ENSRNOG00000001728,Fam43a,150.4411053,2.455978303,0.165096044,14.87605787,4.710000000000001e-50,4.83e-49,
ENSRNOG00000001770,Ehhadh,39.42768125,2.699454161,0.273743715,9.861246173,6.129999999999999e-23,3.44e-22,
ENSRNOG00000001792,Slc12a8,5.280482455,2.416149223,0.715804114,3.375433552,0.000736995,0.001623268,
ENSRNOG00000001804,Itpr2,186.2240357,2.073506613,0.212772118,9.745198911,1.9300000000000001e-22,1.07e-21,
ENSRNOG00000001926,Cldn1,91.4188346,6.502265805,0.340633424,19.08874861,3.1299999999999997e-81,4.91e-80,
ENSRNOG00000001982,Cblb,3078.71941,2.174290066,0.091044652,23.88157906,4.7599999999999996e-126,1.2000000000000002e-124,
ENSRNOG00000001989,Alcam,3695.105854,2.060444722,0.054193336,38.02026,0.0,0.0,
ENSRNOG00000002050,Igfbp7,12659.71926,2.91468339,0.089427067,32.59285445,5.18e-233,2.93e-231,
ENSRNOG00000002057,Slc10a6,102.4058753,8.807393269,0.661984318,13.30453461,2.18e-40,1.88e-39,
ENSRNOG00000002097,Rasl11b,2413.14462,3.845647867,0.055042459,69.86693489,0.0,0.0,
ENSRNOG00000002188,Hpse,15.98115745,2.472339899,0.396272281,6.238992781,4.4e-10,1.52e-09,
ENSRNOG00000002208,Shroom3,55.59971132,4.716471223,0.36594202,12.88857516,5.22e-38,4.29e-37,
ENSRNOG00000002210,Hsd17b11,1253.813204,2.005540046,0.059532615,33.68808911,8.64e-249,5.3400000000000006e-247,
ENSRNOG00000002212,Hsd17b13,9.324391859,2.55028829,0.615139718,4.145868354,3.39e-05,8.46e-05,
ENSRNOG00000002215,Mylk,979.0109179,4.259868617,0.093775282,45.42634841,0.0,0.0,
ENSRNOG00000002256,Art3,27.20905796,5.90834942,0.553174865,10.68079877,1.25e-26,7.830000000000001e-26,
ENSRNOG00000002291,Brwd3,379.5231726,2.082118443,0.178077218,11.69222244,1.4000000000000002e-31,9.91e-31,
ENSRNOG00000002385,Prg4,143.4334132,5.965202626,0.252033865,23.66825832,7.66e-124,1.86e-122,
ENSRNOG00000002418,Tgfb2,8895.146184,2.556610131,0.073110884,34.96894028,6.67e-268,4.65e-266,
ENSRNOG00000002468,Tnr,8.001819201,4.091951261,0.718464625,5.695410908,1.23e-08,3.9e-08,
ENSRNOG00000002814,unkown,35.12450539,5.918880622,0.484739347,12.21043982,2.73e-34,2.08e-33,
ENSRNOG00000002930,Ppl,221.5768156,4.997205902,0.154334789,32.37899844,5.42e-230,3.0099999999999997e-228,
ENSRNOG00000003059,Optc,22.44064967,3.399738426,0.405506781,8.383924968,5.12e-17,2.38e-16,
ENSRNOG00000003120,Prelp,7171.206209,4.696228566,0.058230963,80.64830671,0.0,0.0,
ENSRNOG00000003259,C1qtnf1,971.5327586,5.507036853,0.097672895,56.38244704,0.0,0.0,
ENSRNOG00000003486,Mnda,319.3600031,2.814576837,0.0931298,30.22208609,1.2100000000000002e-200,5.72e-199,
ENSRNOG00000003553,Efemp1,14.77561767,3.411058726,0.710672224,4.799763675,1.59e-06,4.39e-06,
ENSRNOG00000003587,Vegfd,1604.111546,5.452393346,0.09206585,59.22275605,0.0,0.0,
ENSRNOG00000003595,Lhx4,4.041776315,3.123621893,0.960281648,3.252818484,0.001142665,0.00246527,
ENSRNOG00000003687,Rgs2,660.1430989,7.208260337,0.167269306,43.09374206,0.0,0.0,
ENSRNOG00000003742,Cdkl5,79.67014945,3.223738874,0.202357646,15.93089731,3.87e-57,4.460000000000001e-56,
ENSRNOG00000004200,Sybu,60.85805997,3.322597424,0.22165767,14.98976968,8.56e-51,8.84e-50,
ENSRNOG00000004210,Osr1,2442.757761,2.150193909,0.048915992,43.95686999,0.0,0.0,
ENSRNOG00000004275,Egfl6,5.445604812,3.524563979,0.843094851,4.180507064,2.91e-05,7.31e-05,
ENSRNOG00000004296,Nt5c1b,41.9522652,5.475496959,0.400772884,13.66234386,1.6999999999999998e-42,1.52e-41,
ENSRNOG00000004328,Deptor,211.3363159,3.379022965,0.202117622,16.71810175,9.68e-63,1.19e-61,
ENSRNOG00000004399,Dlx4,6.435455094,2.160544261,0.663253239,3.257495228,0.001124001,0.002426969,
ENSRNOG00000004400,Avpr1a,1857.869291,2.742562211,0.04806392,57.06072649,0.0,0.0,
ENSRNOG00000004448,Acss3,142.7633928,6.808259423,0.309989098,21.96289955,6.52e-107,1.37e-105,
ENSRNOG00000004527,Lin7a,64.69687745,3.023795983,0.417424721,7.243931263,4.36e-13,1.74e-12,
ENSRNOG00000004589,Galnt16,2223.118443,2.223710779,0.054486943,40.81181046,0.0,0.0,
ENSRNOG00000004686,Spop,3473.927251,2.141079989,0.048059582,44.55053309,0.0,0.0,
ENSRNOG00000004744,Lratd2,10.16207213,2.988840375,0.573744821,5.209354869,1.89e-07,5.59e-07,
ENSRNOG00000004861,Itga4,1979.301441,2.182606472,0.196815639,11.08959879,1.41e-28,9.22e-28,
ENSRNOG00000005008,Angpt4,85.56259955,3.037763019,0.189740863,16.01006222,1.09e-57,1.26e-56,
ENSRNOG00000005228,Gnptab,3333.556313,2.269099803,0.07050137,32.18518756,2.84e-227,1.56e-225,
ENSRNOG00000005464,Lgalsl,1535.877489,2.457660307,0.049655591,49.49413078,0.0,0.0,
ENSRNOG00000005695,Mgp,8655.723155,2.375480766,0.082449337,28.81139919,1.54e-182,6.25e-181,
ENSRNOG00000005854,Angpt1,289.5632828,4.541883943,0.142949071,31.77274194,1.54e-221,8.12e-220,
ENSRNOG00000005861,Hsd11b1,3085.804406,4.641190031,0.056399458,82.29139472,0.0,0.0,
ENSRNOG00000005917,Pawr,1176.188132,2.19308324,0.066900817,32.78111283,1.09e-235,6.26e-234,
ENSRNOG00000005998,Smoc1,74.8382336,2.500908803,0.241003449,10.37706644,3.15e-25,1.8999999999999998e-24,
ENSRNOG00000006052,Sulf2,3848.437327,4.732428363,0.067440067,70.17235532,0.0,0.0,
ENSRNOG00000006060,Matn2,172.4292959,3.725555431,0.138450896,26.90885747,1.73e-159,5.92e-158,
ENSRNOG00000006079,Psd4,29.17334673,5.341508005,0.474887316,11.24794836,2.3700000000000002e-29,1.58e-28,
ENSRNOG00000006104,Tg,86.84829654,2.12365739,0.233116469,9.109855695,8.25e-20,4.21e-19,
ENSRNOG00000006122,Igf2bp1,13.32576308,3.187766494,0.456295629,6.986186787,2.82e-12,1.08e-11,
ENSRNOG00000006231,Ptpro,13.44909769,4.228026029,0.541658299,7.805707098,5.92e-15,2.54e-14,
ENSRNOG00000006509,Srgap3,861.6247806,2.255921355,0.18164419,12.4194523,2.05e-35,1.59e-34,
ENSRNOG00000006653,Slc38a4,199.7720266,4.568577181,0.153269286,29.80751914,3.12e-195,1.41e-193,
ENSRNOG00000006761,Sh3gl2,8.248166662,3.437124204,0.61091555,5.626185493,1.84e-08,5.79e-08,
ENSRNOG00000006783,Neb,250.9022608,2.154717991,0.234580366,9.185414901,4.1e-20,2.11e-19,
ENSRNOG00000007003,Mei1,46.76283759,4.180803986,0.30974471,13.49757995,1.62e-41,1.42e-40,
ENSRNOG00000007034,Hipk2,886.3678751,2.349433275,0.289957374,8.102685026,5.38e-16,2.41e-15,
ENSRNOG00000007062,Rin3,837.8044206,2.226855786,0.093774444,23.74693681,1.18e-124,2.9100000000000004e-123,
ENSRNOG00000007081,Xdh,5095.96729,5.260382609,0.059844869,87.90031162,0.0,0.0,
ENSRNOG00000007178,Cd8a,9.630048747,4.510509361,0.728956514,6.187624737,6.11e-10,2.09e-09,
ENSRNOG00000007202,Sema3d,1184.788707,3.744861254,0.116784318,32.06647351,1.2899999999999997e-225,7e-224,
ENSRNOG00000007261,Gli2,95.07779019,2.038262466,0.197512933,10.31964053,5.74e-25,3.4299999999999995e-24,
ENSRNOG00000007387,Per1,891.669066,2.597262222,0.086107346,30.16307354,7.230000000000002e-200,3.4e-198,
ENSRNOG00000007433,Cyb561,13.74140497,3.09434223,0.449347047,6.886308141,5.73e-12,2.17e-11,
ENSRNOG00000007457,Serping1,144.5287323,4.768337004,0.212653476,22.42303815,2.35e-111,5.13e-110,
ENSRNOG00000007484,Ehf,2.38697817,5.5697448,1.693899689,3.28811962,0.00100859,0.002189424,
ENSRNOG00000007551,Patj,620.4686074,2.518273997,0.099102474,25.41080863,1.92e-142,5.61e-141,
ENSRNOG00000007587,Tcp11l2,474.9359979,2.259915432,0.102205673,22.11144806,2.45e-108,5.21e-107,
ENSRNOG00000007837,Acot11,129.5700237,2.076349942,0.141087945,14.71670697,5.04e-49,5.0599999999999997e-48,
ENSRNOG00000007923,Cgref1,1201.273678,2.791747102,0.057912941,48.20592837,0.0,0.0,
ENSRNOG00000007947,Fam13a,58.02042666,2.919589386,0.227511869,12.83269043,1.08e-37,8.760000000000001e-37,
ENSRNOG00000007964,Tp53inp1,341.4869162,2.042373277,0.176126503,11.59605872,4.31e-31,3.01e-30,
ENSRNOG00000007989,Chst1,54.53321832,2.942154777,0.263164976,11.1798873,5.12e-29,3.39e-28,
ENSRNOG00000007999,Abra,4.763644513,2.587139957,0.874227508,2.95934403,0.003082947,0.006314103,
ENSRNOG00000008057,Krt7,300.7908003,5.52657747,0.15130871,36.52517735,4.419999999999999e-292,3.57e-290,
ENSRNOG00000008086,Dpf3,3.488661446,2.040182902,0.921666588,2.213580192,0.026857671,0.047811882,
ENSRNOG00000008116,Plpp3,237.2528588,3.295941859,0.140053729,23.5334102,1.86e-122,4.44e-121,
ENSRNOG00000008697,Ccn3,4085.93693,5.494683868,0.058420278,94.05439492,0.0,0.0,
ENSRNOG00000008736,Slamf8,5.038917759,2.024311712,0.752639565,2.689616392,0.00715342,0.013958257,
ENSRNOG00000008965,Socs2,63.56348285,2.810882332,0.24594037,11.42912135,2.99e-30,2.0400000000000002e-29,
ENSRNOG00000009005,Slco2a1,2057.587233,4.61366467,0.100870307,45.73858084,0.0,0.0,
ENSRNOG00000009033,Cntn2,148.9601217,3.298240906,0.233715884,14.11218118,3.2e-45,2.99e-44,
ENSRNOG00000009118,Pou2f3,1.712399737,3.940511608,1.527936952,2.578975266,0.009909388,0.018914605,
ENSRNOG00000009204,Il17re,570.1589358,4.635691583,0.09674483,47.91668527,0.0,0.0,
ENSRNOG00000009311,Fstl3,920.0675066,2.3527375,0.066153437,35.56485636,4.899999999999998e-277,3.58e-275,
ENSRNOG00000009528,Sdcbp2,56.22363123,4.171479861,0.258296398,16.14997305,1.14e-58,1.34e-57,
ENSRNOG00000009589,Angptl7,27.03959032,3.767416968,0.382032794,9.861501501,6.11e-23,3.43e-22,
ENSRNOG00000009779,Krt8,46.74924205,3.311013754,0.274800037,12.04881118,1.9700000000000002e-33,1.46e-32,
ENSRNOG00000009848,Il18,6.587992266,3.748019727,0.764578464,4.902073368,9.48e-07,2.66e-06,
ENSRNOG00000009892,Adamts15,151.9150847,6.106674086,0.245614769,24.86281304,1.88e-136,5.24e-135,
ENSRNOG00000010047,Ddit4l,76.23212171,3.822047164,0.230419276,16.58735861,8.6e-62,1.05e-60,
ENSRNOG00000010205,Mturn,90.49105916,4.419088116,0.237787677,18.58417632,4.32e-77,6.45e-76,
ENSRNOG00000010389,Ndrg2,783.6917055,5.857087239,0.109806115,53.34026482,0.0,0.0,
ENSRNOG00000010517,Fam126a,1544.632734,2.991950119,0.141566394,21.13460711,3.82e-99,7.36e-98,
ENSRNOG00000010666,Ccn5,4664.329413,2.94658423,0.043403886,67.88756748,0.0,0.0,
ENSRNOG00000010805,Fabp4,28.97621168,5.291391779,0.433641679,12.2022214,3.02e-34,2.2900000000000002e-33,
ENSRNOG00000010832,Pdgfrl,993.2869302,2.124539126,0.074427227,28.54518722,3.22e-179,1.28e-177,
ENSRNOG00000011068,Papss2,2101.292604,2.167733411,0.053521855,40.50183624,0.0,0.0,
ENSRNOG00000011071,Nt5e,2254.600706,4.986556445,0.070846526,70.38533421,0.0,0.0,
ENSRNOG00000011160,Sv2b,64.6214582,7.054212739,0.501091576,14.07769174,5.21e-45,4.86e-44,
ENSRNOG00000011478,Ackr4,269.6244353,2.516494288,0.103264199,24.36947472,3.6e-131,9.54e-130,
ENSRNOG00000011649,Epb42,9.353740399,4.472106502,0.811465905,5.511145291,3.57e-08,1.1e-07,
ENSRNOG00000011659,Alpk3,26.11304619,5.404524558,0.496821939,10.87819223,1.46e-27,9.35e-27,
ENSRNOG00000011680,Il16,14.22558421,2.287746039,0.504235887,4.537055171,5.7e-06,1.52e-05,
ENSRNOG00000011696,Lifr,361.8897554,4.020097977,0.190992698,21.04843809,2.36e-98,4.5e-97,
ENSRNOG00000011800,F3,1381.362721,3.107709289,0.059509071,52.2224468,0.0,0.0,
ENSRNOG00000011808,Ghrhr,12.81227239,3.193327674,0.481794387,6.627988533,3.4e-11,1.24e-10,
ENSRNOG00000011815,Sgk1,3014.014209,3.029521869,0.050493997,59.99766381,0.0,0.0,
ENSRNOG00000011907,Krt23,66.17536973,7.90473714,0.612748353,12.90046248,4.47e-38,3.68e-37,
ENSRNOG00000011913,Cp,375.249862,4.270460549,0.118569415,36.01654398,4.61e-284,3.5099999999999995e-282,
ENSRNOG00000011946,Ptn,97.60324541,3.003608261,0.198416092,15.13792674,9.1e-52,9.58e-51,
ENSRNOG00000011971,C1s,1413.693676,2.502279555,0.061594709,40.62491067,0.0,0.0,
ENSRNOG00000012109,Otulinl,21.93348305,3.338293223,0.372680172,8.957528405,3.32e-19,1.66e-18,
ENSRNOG00000012183,Glrx,6080.453761,6.523988171,0.059576694,109.5057107,0.0,0.0,
ENSRNOG00000012280,Ptx3,193.6384233,5.31130352,0.176501807,30.09206311,6.15e-199,2.87e-197,
ENSRNOG00000012302,Gucy1a1,89.06029537,4.597852337,0.272434605,16.87690275,6.650000000000001e-64,8.32e-63,
ENSRNOG00000012325,Adk,2700.04835,2.261553752,0.053837172,42.00729095,0.0,0.0,
ENSRNOG00000012364,Prickle2,1453.798887,2.965046012,0.125082839,23.70465872,3.2300000000000003e-124,7.850000000000001e-123,
ENSRNOG00000012584,Aamdc,65.46141801,2.139270262,0.18289834,11.69649906,1.3300000000000002e-31,9.44e-31,
ENSRNOG00000012686,Pomc,3.439155094,2.570501894,0.954980925,2.691678782,0.007109338,0.013883857,
ENSRNOG00000012795,Cables1,1189.163411,6.402673739,0.114661535,55.83976984,0.0,0.0,
ENSRNOG00000012956,Tgm2,1762.365921,5.987510489,0.089400465,66.97404196,0.0,0.0,
ENSRNOG00000013017,Arnt2,317.8230917,4.189914929,0.119484065,35.06672571,2.1700000000000002e-269,1.52e-267,
ENSRNOG00000013024,Csgalnact1,2319.398903,3.735967276,0.06166972,60.58025335,0.0,0.0,
ENSRNOG00000013172,Nr1h3,160.4102563,2.587050348,0.125083817,20.68253448,4.98e-95,9.13e-94,
ENSRNOG00000013179,Tinagl1,353.4223891,2.111185744,0.096842618,21.8001721,2.31e-105,4.7599999999999993e-104,
ENSRNOG00000013279,LOC681458,12.69939622,2.199909521,0.458139361,4.80183479,1.57e-06,4.35e-06,
ENSRNOG00000013309,Pik3ap1,10.50238549,2.711889778,0.612008434,4.431131379,9.37e-06,2.45e-05,
ENSRNOG00000013328,Rbpms,37.57299351,5.436741506,0.418978196,12.97619199,1.67e-38,1.38e-37,
ENSRNOG00000013426,Mrgprf,147.3745759,3.60975623,0.184040535,19.61391944,1.18e-85,1.96e-84,
ENSRNOG00000013541,Sh2d4a,26.27146088,4.087958865,0.397872879,10.2745351,9.18e-25,5.44e-24,
ENSRNOG00000013552,Scd,128.4350868,2.511558522,0.172314755,14.57541187,4.03e-48,3.97e-47,
ENSRNOG00000013555,Ankrd55,13.61044582,5.469155318,0.682467454,8.013796534,1.11e-15,4.91e-15,
ENSRNOG00000013707,Spata13,751.5895116,3.198699294,0.09695362,32.99205621,1.06e-238,6.12e-237,
ENSRNOG00000013742,Large1,5438.130897,2.092095694,0.054704617,38.24349429,0.0,0.0,
ENSRNOG00000013862,Dusp2,27.19972878,2.60359572,0.331974578,7.842756325,4.41e-15,1.9e-14,
ENSRNOG00000014037,Dcun1d3,910.4316417,2.243235986,0.085305379,26.2965361,2.1e-152,6.71e-151,
ENSRNOG00000014090,Retsat,3271.693683,2.030285993,0.042984844,47.23260145,0.0,0.0,
ENSRNOG00000014149,Npy1r,86.80271003,2.164309088,0.229981889,9.410780534,4.920000000000001e-21,2.6e-20,
ENSRNOG00000014182,Tns1,9063.622426,2.548345686,0.179341137,14.20948769,8e-46,7.58e-45,
ENSRNOG00000014215,Klf9,2002.51267,3.203492079,0.090630635,35.34668042,1.13e-273,8.06e-272,
ENSRNOG00000014314,Slc39a4,16.43576339,2.100396255,0.34634877,6.064396453,1.32e-09,4.45e-09,
ENSRNOG00000014867,Synpo2,70.77250857,3.81059568,0.218386083,17.44889428,3.51e-68,4.69e-67,
ENSRNOG00000014907,Aldh8a1,12.21739468,3.002552785,0.51972681,5.777175099,7.6e-09,2.44e-08,
ENSRNOG00000014956,Slc11a1,24.81654415,2.44555883,0.353918088,6.90995717,4.85e-12,1.84e-11,
ENSRNOG00000015033,Mxd4,5509.823832,2.724491512,0.040564982,67.16363118,0.0,0.0,
ENSRNOG00000015036,Ccn2,125266.2654,2.003795969,0.03246086,61.72960269,0.0,0.0,
ENSRNOG00000015078,Ifitm3,5228.651036,2.440583111,0.0707407,34.50040947,7.91e-261,5.31e-259,
ENSRNOG00000015084,Necab2,16.87217998,6.845726167,0.903134911,7.579959633,3.46e-14,1.44e-13,
ENSRNOG00000015184,Clic3,7.565284227,2.721916653,0.645721276,4.215312012,2.49e-05,6.3e-05,
ENSRNOG00000015354,Aox1,540.6900025,2.155163739,0.118420708,18.19921344,5.24e-74,7.54e-73,
ENSRNOG00000015365,Col4a3,403.8465781,3.06338115,0.16142838,18.9767199,2.66e-80,4.1100000000000005e-79,
ENSRNOG00000015406,Pgm5,2761.750394,2.665526342,0.049625195,53.71316636,0.0,0.0,
ENSRNOG00000015410,Aspn,1452.95311,2.681267668,0.066523805,40.30538652,0.0,0.0,
ENSRNOG00000015505,Mfap5,4309.548805,4.54879902,0.067460112,67.42946118,0.0,0.0,
ENSRNOG00000015566,Atp6v1e2,12.18886415,2.836258923,0.522690135,5.426272155,5.75e-08,1.75e-07,
ENSRNOG00000015577,Lpar6,168.0890775,2.831267814,0.13701891,20.66333634,7.41e-95,1.35e-93,
ENSRNOG00000015654,Ghr,353.0695766,2.13687236,0.101556179,21.04128361,2.75e-98,5.22e-97,
ENSRNOG00000015658,Sorbs1,1680.682546,2.247174495,0.145691133,15.42423653,1.12e-53,1.22e-52,
ENSRNOG00000015724,Gucy2g,1.82996369,2.932445966,1.207437171,2.428653047,0.015155027,0.028093861,
ENSRNOG00000015736,Dhrs3,722.3013314,3.616371253,0.083951658,43.07682933,0.0,0.0,
ENSRNOG00000015880,Dpep1,913.9645792,5.90271235,0.105953851,55.71022001,0.0,0.0,
ENSRNOG00000015904,Wfdc1,2847.047061,3.860116594,0.05640053,68.44113995,0.0,0.0,
ENSRNOG00000015972,Ano5,71.16948874,2.567583023,0.199388152,12.87730989,6.04e-38,4.95e-37,
ENSRNOG00000016021,Lims2,1474.010362,4.708829567,0.073928683,63.69421649,0.0,0.0,
ENSRNOG00000016091,Tmem169,70.06745564,4.818677663,0.295424453,16.31103183,8.24e-60,9.800000000000001e-59,
ENSRNOG00000016099,Id4,875.2059883,2.215451024,0.085649606,25.86644737,1.59e-147,4.84e-146,
ENSRNOG00000016281,Col4a1,2012.600969,3.57072858,0.108974562,32.76662461,1.76e-235,1.0000000000000001e-233,
ENSRNOG00000016351,Frrs1,1072.534638,2.511846968,0.057135727,43.96280729,0.0,0.0,
ENSRNOG00000016366,Colec12,778.519073,2.837984392,0.088098212,32.21387051,1.13e-227,6.210000000000001e-226,
ENSRNOG00000016494,Tmem204,676.2888366,3.446807191,0.087959231,39.18641821,0.0,0.0,
ENSRNOG00000016623,Tmeff2,935.8951267,3.711671595,0.070720989,52.48331015,0.0,0.0,
ENSRNOG00000016625,Slc22a2,9.834924702,2.769389622,0.557245674,4.969782179,6.7e-07,1.9e-06,
ENSRNOG00000016752,Crispld2,19339.82403,7.90038626,0.061232427,129.0229157,0.0,0.0,
ENSRNOG00000016950,Otud1,164.8322896,2.521604505,0.136155541,18.52002854,1.42e-76,2.12e-75,
ENSRNOG00000017072,Slc16a14,840.9260066,2.318591844,0.087323822,26.55165327,2.46e-155,8.05e-154,
ENSRNOG00000017089,Prl6a1,3.154632831,4.467123065,1.278630634,3.493677491,0.000476416,0.001071721,
ENSRNOG00000017212,Spsb1,1789.130078,2.138965358,0.047140317,45.37443712,0.0,0.0,
ENSRNOG00000017226,Slc2a4,22.00035966,2.547338652,0.39245381,6.490798625,8.54e-11,3.05e-10,
ENSRNOG00000017307,Prss23,42223.44299,2.170098526,0.029952579,72.45114125,0.0,0.0,
ENSRNOG00000017311,Me3,135.2042259,3.054446251,0.173733188,17.58124795,3.43e-69,4.65e-68,
ENSRNOG00000017477,Mmp23,232.0742826,2.783652274,0.115707971,24.05756709,6.96e-128,1.77e-126,
ENSRNOG00000017484,Gja5,1915.81174,6.299067632,0.091738419,68.663355,0.0,0.0,
ENSRNOG00000017525,Epha1,43.89625478,2.701428005,0.255586941,10.56950717,4.13e-26,2.55e-25,
ENSRNOG00000017693,Slc2a5,38.55557264,3.257446305,0.318838077,10.21661633,1.67e-24,9.81e-24,
ENSRNOG00000017767,Irag1,1308.913328,3.205174741,0.113662682,28.19900679,6.01e-175,2.3e-173,
ENSRNOG00000017783,Sfrp1,7.384993567,4.136250527,0.701608479,5.895382758,3.74e-09,1.22e-08,
ENSRNOG00000017808,Klf15,436.9247914,7.51396616,0.219130629,34.28989461,1.1100000000000001e-257,7.35e-256,
ENSRNOG00000017959,Cfap100,238.7249456,3.821289313,0.130391596,29.30625472,8.629999999999999e-189,3.72e-187,
ENSRNOG00000018126,Abca1,745.9993195,2.775497891,0.129210976,21.48035694,2.38e-102,4.75e-101,
ENSRNOG00000018233,Gas6,16861.36549,3.617513683,0.03512928,102.9771653,0.0,0.0,
ENSRNOG00000018266,Slc23a3,9.10759467,2.104501982,0.546785787,3.848860071,0.000118669,0.000282588,
ENSRNOG00000018494,Ppp1r3c,512.1346245,2.932076767,0.095628001,30.66127837,1.87e-206,9.16e-205,
ENSRNOG00000018644,Slc6a7,40.00455435,4.636516537,0.424831926,10.91376671,9.91e-28,6.350000000000001e-27,
ENSRNOG00000018740,Ugt1a3,1008.103448,3.289189225,0.073030008,45.03887255,0.0,0.0,
ENSRNOG00000018940,Slc28a1,10.54270593,4.838856884,0.696375317,6.948633544,3.69e-12,1.41e-11,
ENSRNOG00000018951,Col4a5,2612.704824,2.338691547,0.068128569,34.32761899,3.04e-258,2.02e-256,
ENSRNOG00000019009,Arrdc2,164.3198062,3.661265081,0.162472159,22.53472287,1.9e-112,4.18e-111,
ENSRNOG00000019305,Sh3tc2,81.08758975,2.500130557,0.232903973,10.73459814,7e-27,4.4e-26,
ENSRNOG00000019372,Pc,435.518792,2.371977428,0.080455403,29.48189092,4.91e-191,2.16e-189,
ENSRNOG00000019486,Trpv1,10.55850644,2.043573774,0.555066987,3.681670542,0.000231711,0.00053791,
ENSRNOG00000019659,Aspa,26.78395362,3.666395169,0.384630867,9.532243719,1.54e-21,8.270000000000001e-21,
ENSRNOG00000019721,Ypel3,994.4404762,2.386243994,0.070234351,33.97545442,5.13e-253,3.2600000000000002e-251,
ENSRNOG00000019902,Folr1,25.03389622,2.147093854,0.32480524,6.610403987,3.83e-11,1.39e-10,
ENSRNOG00000019926,Ramp1,1458.471194,3.347220166,0.091449633,36.6017891,2.68e-293,2.2e-291,
ENSRNOG00000020030,Crlf1,2338.419599,3.094650861,0.073280017,42.23048773,0.0,0.0,
ENSRNOG00000020197,Cd248,4642.639197,2.124025244,0.054808789,38.75336916,0.0,0.0,
ENSRNOG00000020246,Myl9,8291.225745,2.562490861,0.052560373,48.75328496,0.0,0.0,
ENSRNOG00000020305,unkown,36.64920339,8.076231033,0.868604811,9.297934954,1.43e-20,7.47e-20,
ENSRNOG00000020349,Rab3il1,125.08005,2.319302916,0.170930984,13.56865125,6.14e-42,5.44e-41,
ENSRNOG00000020434,Ascl2,7.899197779,3.588999957,0.699985873,5.127246268,2.94e-07,8.57e-07,
ENSRNOG00000020440,Fads2,678.9328512,2.120295452,0.098631187,21.49721112,1.65e-102,3.31e-101,
ENSRNOG00000020562,Slc22a18,255.2632969,2.644056724,0.118891839,22.23917759,1.44e-109,3.08e-108,
ENSRNOG00000020585,Tbxa2r,421.7318142,3.175529091,0.113633356,27.94539552,7.5e-172,2.8e-170,
ENSRNOG00000020904,Cdc42ep2,286.9824581,3.124301374,0.116535105,26.80995879,2.47e-158,8.39e-157,
ENSRNOG00000020989,Tm7sf2,251.8732426,2.250608506,0.107767044,20.88401456,7.480000000000002e-97,1.4e-95,
ENSRNOG00000021098,Rasgrp2,45.82242362,4.629031945,0.320161589,14.45842382,2.22e-47,2.16e-46,
ENSRNOG00000021201,Txnip,2283.857522,2.089114911,0.05503332,37.96091037,0.0,0.0,
ENSRNOG00000021318,Epas1,3312.115073,10.77045927,0.228822486,47.06905981,0.0,0.0,
ENSRNOG00000021323,Ca13,338.0335085,4.278644297,0.119127197,35.91660352,1.6799999999999998e-282,1.27e-280,
ENSRNOG00000021355,Ca6,14.69521368,2.316411899,0.452645855,5.117492786,3.1e-07,9.01e-07,
ENSRNOG00000021384,Ankrd44,464.848431,2.839448673,0.144558813,19.64216931,6.75e-86,1.12e-84,
ENSRNOG00000021403,unkown,15757.8172,2.781997531,0.027933056,99.59517157,0.0,0.0,
ENSRNOG00000021589,Nexmif,32.90905526,3.65554976,0.345633539,10.57637454,3.84e-26,2.37e-25,
ENSRNOG00000021657,Pld6,7.839157229,5.205288161,0.944515733,5.511065597,3.57e-08,1.1e-07,
ENSRNOG00000021719,Slfn5,1333.963612,2.947197383,0.087039653,33.86039897,2.55e-251,1.5999999999999996e-249,
ENSRNOG00000021919,Rhoj,3706.352936,2.625428438,0.043826323,59.90528721,0.0,0.0,
ENSRNOG00000022432,Tmem59l,42.68705555,2.079851994,0.33075216,6.28824916,3.21e-10,1.12e-09,
ENSRNOG00000022822,Fam169b,215.7967712,6.490334457,0.226020242,28.71572209,2.4300000000000004e-181,9.72e-180,
ENSRNOG00000023116,Agmo,37.39877725,3.599302936,0.298632858,12.05260185,1.88e-33,1.39e-32,
ENSRNOG00000023257,Adamts9,600.1979179,4.275642372,0.104758156,40.81441039,0.0,0.0,
ENSRNOG00000023643,Mmp17,118.7385126,3.195859691,0.169071544,18.90241033,1.0900000000000002e-79,1.68e-78,
ENSRNOG00000024082,Gldn,13291.60312,2.326798789,0.047692018,48.7880126,0.0,0.0,
ENSRNOG00000024602,Plekha7,1068.157652,3.069885832,0.12917633,23.7650801,7.670000000000001e-125,1.9e-123,
ENSRNOG00000024651,Greb1,125.8918152,4.5101138,0.219216092,20.57382634,4.7099999999999997e-94,8.52e-93,
ENSRNOG00000024689,Hopx,99.90244725,4.251139382,0.273632433,15.53594851,1.98e-54,2.18e-53,
ENSRNOG00000024705,Rarres2,324.4366678,3.078560963,0.137917715,22.32172247,2.2700000000000002e-110,4.9e-109,
ENSRNOG00000025360,Exd1,8.718161647,2.049718637,0.506659563,4.045554031,5.22e-05,0.000128434,
ENSRNOG00000025502,Arhgef37,43.37054599,3.425461256,0.332490978,10.30241867,6.87e-25,4.09e-24,
ENSRNOG00000025625,Rnase4,105.5585538,2.512479547,0.167971819,14.95774443,1.39e-50,1.43e-49,
ENSRNOG00000025689,Abhd1,258.0465225,2.047639226,0.121059595,16.91430753,3.53e-64,4.44e-63,
ENSRNOG00000025736,Tcf23,149.1300053,9.077065457,0.722496519,12.56347294,3.35e-36,2.65e-35,
ENSRNOG00000025994,Krt80,56.22149181,3.370042418,0.237940842,14.16336256,1.54e-45,1.45e-44,
ENSRNOG00000026344,Togaram2,3.977484432,4.338225701,1.013046416,4.2823563,1.85e-05,4.71e-05,
ENSRNOG00000026455,Gpd1l,1388.833008,2.085014182,0.058027251,35.93163779,9.8e-283,7.43e-281,
ENSRNOG00000026573,Ophn1,161.6435575,2.002223549,0.129802385,15.42516767,1.11e-53,1.2e-52,
ENSRNOG00000026941,Tril,172.9953946,7.41230524,0.337872686,21.93816055,1.12e-106,2.35e-105,
ENSRNOG00000026965,Tmem140,82.28902792,4.02513334,0.237544233,16.94477402,2.1e-64,2.66e-63,
ENSRNOG00000027030,Adm,647.9453266,5.19827373,0.117395509,44.28000485,0.0,0.0,
ENSRNOG00000027259,Faxdc2,247.0088397,2.849240699,0.13981584,20.37852572,2.59e-92,4.62e-91,
ENSRNOG00000027331,Ppef1,26.70169206,2.319540412,0.289822136,8.003323837,1.21e-15,5.34e-15,
ENSRNOG00000027380,Upk1b,5.460905719,4.340133426,0.98433543,4.409201676,1.04e-05,2.7e-05,
ENSRNOG00000027520,Pls3,25385.7113,2.433412055,0.033597511,72.42834236,0.0,0.0,
ENSRNOG00000027697,Nmnat2,9.655665166,2.253484568,0.612466618,3.679359009,0.000233821,0.000542674,
ENSRNOG00000027770,Trpm3,71.60079024,4.779004551,0.264837919,18.04501623,8.63e-73,1.23e-71,
ENSRNOG00000028064,Fhad1,21.06513289,2.993730821,0.373556705,8.014126846,1.11e-15,4.9e-15,
ENSRNOG00000028261,Tppp,5.484940785,2.007556639,0.861845757,2.329368825,0.019839535,0.03612468,
ENSRNOG00000028390,Hhipl1,547.3161422,3.316662771,0.087198326,38.03585384,0.0,0.0,
ENSRNOG00000028622,Pnpla1,3.592752497,2.655434573,0.971561971,2.733160263,0.00627298,0.012325346,
ENSRNOG00000028668,Slc28a2,478.3941597,3.609647891,0.091285222,39.54252206,0.0,0.0,
ENSRNOG00000028774,Vgll3,3297.056008,2.794385648,0.073084201,38.23515369,0.0,0.0,
ENSRNOG00000028841,Mt1m,34.63976108,4.053963558,0.311336712,13.02115492,9.28e-39,7.71e-38,
ENSRNOG00000028845,Ebf1,1562.62181,2.156649641,0.071222573,30.28042305,2.08e-201,9.83e-200,
ENSRNOG00000028865,Kprp,48.82265051,3.498893792,0.258865614,13.51625553,1.25e-41,1.1e-40,
ENSRNOG00000028896,A2m,4.020277254,2.935814318,0.928681591,3.161271148,0.001570822,0.003339966,
ENSRNOG00000029078,Hmgn5,668.6971784,2.866664161,0.099797961,28.72467666,1.8800000000000002e-181,7.53e-180,
ENSRNOG00000029079,Hspb7,14549.4583,3.10300601,0.039464807,78.62716724,0.0,0.0,
ENSRNOG00000029148,Pdgfd,130.1208245,4.121463644,0.178666163,23.06795856,9.71e-118,2.24e-116,
ENSRNOG00000029191,LOC685067,3.790961773,3.809692495,1.218287529,3.127088151,0.00176547,0.003732148,
ENSRNOG00000029212,Vcan,21795.34604,2.242319023,0.117667342,19.05642618,5.81e-81,9.100000000000001e-80,
ENSRNOG00000029292,unkown,4.587667393,2.681815848,0.736310728,3.642233838,0.000270282,0.00062342,
ENSRNOG00000029342,Scn7a,25.02903516,4.775198913,0.502897621,9.495369856,2.19e-21,1.17e-20,
ENSRNOG00000029590,Spatc1,4.992213589,2.429982842,0.92871732,2.616493511,0.008883805,0.017072277,
ENSRNOG00000029597,AABR07030544.1,212.2305474,2.393187107,0.157405664,15.20394533,3.33e-52,3.53e-51,
ENSRNOG00000029911,Cilp,8177.327698,2.125643933,0.074599409,28.49411242,1.39e-178,5.4600000000000005e-177,
ENSRNOG00000029980,Zbtb16,287.2514879,12.538817,1.181411842,10.61341739,2.58e-26,1.61e-25,
ENSRNOG00000030111,Cyp11b2,449.6320272,2.921604549,0.189011769,15.45726264,6.739999999999999e-54,7.33e-53,
ENSRNOG00000030155,Bmp8a,22.94033471,2.983810674,0.352129557,8.473616081,2.38e-17,1.12e-16,
ENSRNOG00000030889,Cldn22,3.01223901,2.513722944,1.014565371,2.477635268,0.013225627,0.024718569,
ENSRNOG00000031163,Nfkbiz,298.4681339,2.437582065,0.109213647,22.31939079,2.4e-110,5.1600000000000015e-109,
ENSRNOG00000031710,unkown,4.637711888,2.301828744,0.710291611,3.240681305,0.001192444,0.002566733,
ENSRNOG00000032447,Zfp641,38.26707605,2.811068432,0.271767173,10.34366439,4.47e-25,2.6799999999999998e-24,
ENSRNOG00000032472,Adgrg2,22.99434556,3.821198803,0.381213088,10.02378702,1.1999999999999998e-23,6.879999999999999e-23,
ENSRNOG00000032941,Mab21l1,1047.20485,2.35271488,0.058541399,40.18890755,0.0,0.0,
ENSRNOG00000032967,Tuba3b,18.80364938,4.655916767,0.543962676,8.559257787,1.14e-17,5.39e-17,
ENSRNOG00000033110,Svep1,3528.169192,5.696014795,0.186360705,30.56446252,3.6299999999999997e-205,1.76e-203,
ENSRNOG00000033119,Plcb4,1871.876636,2.914587777,0.128931669,22.60567793,3.81e-113,8.48e-112,
ENSRNOG00000033195,A1cf,2.109270404,3.656132148,1.216691102,3.004979771,0.002655985,0.005473899,
ENSRNOG00000033389,Susd2,401.7324474,4.11060713,0.104754089,39.24054111,0.0,0.0,
ENSRNOG00000033397,Adamts20,49.24518004,2.19030681,0.270510465,8.096939268,5.64e-16,2.52e-15,
ENSRNOG00000033402,Gsta6,30.90060762,2.818894617,0.310598437,9.075688361,1.13e-19,5.73e-19,
ENSRNOG00000033527,Pappa1,598.9207785,4.361004082,0.197039532,22.13263518,1.53e-108,3.26e-107,
ENSRNOG00000033579,Glt8d2,119.132247,2.929329636,0.183886525,15.93009403,3.92e-57,4.51e-56,
ENSRNOG00000033733,Ccdc81,7.323548069,4.829496508,0.963731618,5.011246304,5.41e-07,1.55e-06,
ENSRNOG00000033740,Lurap1l,718.8479788,2.952476852,0.100069102,29.50438045,2.5299999999999998e-191,1.1199999999999998e-189,
ENSRNOG00000033921,Als2cl,220.6507774,2.358743319,0.184034736,12.81683758,1.32e-37,1.07e-36,
ENSRNOG00000036484,unkown,38.08151229,3.053693285,0.264502946,11.54502559,7.820000000000001e-31,5.42e-30,
ENSRNOG00000037076,LOC689757,37.14260297,2.023313345,0.258599113,7.824131028,5.11e-15,2.2e-14,
ENSRNOG00000037199,Spink8,103.7801565,3.710029068,0.217398758,17.06554857,2.68e-65,3.4300000000000005e-64,
ENSRNOG00000037853,Rarres1,1060.805621,3.243675388,0.076190969,42.57296418,0.0,0.0,
ENSRNOG00000038047,Mt1,146.559572,2.23972427,0.165314176,13.54828927,8.109999999999999e-42,7.16e-41,
ENSRNOG00000038091,Sohlh2,1.349198972,3.973269553,1.757669926,2.260532251,0.023788237,0.042800936,
ENSRNOG00000038473,Got1l1,11.41013806,3.126601147,0.558178896,5.601432029,2.13e-08,6.66e-08,
ENSRNOG00000038746,Bco2,9.897927671,2.908356188,0.531439645,5.472599226,4.43e-08,1.36e-07,
ENSRNOG00000038916,Dram1,608.3868394,2.340968702,0.080604667,29.04259511,1.91e-185,7.999999999999999e-184,
ENSRNOG00000039107,Mfrp,48.74492563,4.09687593,0.305431306,13.41341194,5.05e-41,4.41e-40,
ENSRNOG00000039110,Lsmem1,27.84084561,2.60491477,0.285403953,9.127115242,7.03e-20,3.6e-19,
ENSRNOG00000039560,Omd,180.7058246,5.643177993,0.196990009,28.6470264,1.7499999999999998e-180,6.96e-179,
ENSRNOG00000042607,Rhof,452.4672822,4.893207311,0.11300144,43.30216784,0.0,0.0,
ENSRNOG00000042929,LOC100361087,44.6058421,5.864685967,0.433934685,13.51513527,1.27e-41,1.1199999999999999e-40,
ENSRNOG00000042990,unkown,23.55651883,2.850335722,0.349592141,8.153317504,3.54e-16,1.6e-15,
ENSRNOG00000045578,unkown,5.016933691,2.073035422,0.887455258,2.335932322,0.019494769,0.035545475,
ENSRNOG00000045772,unkown,4.020277254,2.935814318,0.928681591,3.161271148,0.001570822,0.003339966,
ENSRNOG00000045821,Slc41a3,1505.182208,2.086386933,0.0642553,32.47026993,2.8e-231,1.57e-229,
ENSRNOG00000046171,Mlxipl,21.49181563,6.558961894,0.708819694,9.2533573,2.18e-20,1.13e-19,
ENSRNOG00000046333,Ablim1,454.0843044,7.509335989,0.209345425,35.87055211,8.800000000000001e-282,6.619999999999999e-280,
ENSRNOG00000046658,unkown,149.6587087,5.579717653,0.212201624,26.2944154,2.22e-152,7.09e-151,
ENSRNOG00000047065,unkown,4.419291925,2.366061821,0.727399829,3.252766534,0.001142874,0.002465436,
ENSRNOG00000047082,unkown,3.191965523,4.284880393,1.209231815,3.543473087,0.000394894,0.000894913,
ENSRNOG00000047158,LOC103689947,165.9140498,2.537581005,0.146371569,17.3365704,2.49e-67,3.2900000000000004e-66,
ENSRNOG00000047384,unkown,3.348110523,4.316526639,1.213595743,3.556807664,0.000375389,0.000853718,
ENSRNOG00000047686,Pou3f1,3.657603,3.387101314,1.018717608,3.324867744,0.000884605,0.001931515,
ENSRNOG00000048172,unkown,94.74354722,3.653324298,0.197085698,18.53672966,1.04e-76,1.55e-75,
ENSRNOG00000048209,Eps8l3,5.675495361,2.283592267,0.738097703,3.093888869,0.001975515,0.004147981,
ENSRNOG00000048402,unkown,114.7317148,2.056106784,0.18668104,11.01400968,3.27e-28,2.1200000000000003e-27,
ENSRNOG00000048433,Tshz2,203.9487962,3.382661118,0.181560681,18.63102244,1.8e-77,2.71e-76,
ENSRNOG00000048478,unkown,7.053044755,3.715898338,0.883822755,4.204347892,2.62e-05,6.59e-05,
ENSRNOG00000048703,Alkal1,51.30129459,3.383955492,0.272460149,12.42000163,2.04e-35,1.58e-34,
ENSRNOG00000048706,Nox1,220.7376258,2.763941999,0.12043968,22.94876565,1.5200000000000002e-116,3.47e-115,
ENSRNOG00000048723,Pros1,2333.641949,2.182664529,0.057435056,38.00230508,0.0,0.0,
ENSRNOG00000048726,Clec2d,41.97938446,3.007812156,0.268188167,11.21530525,3.43e-29,2.28e-28,
ENSRNOG00000048878,unkown,2.932630457,2.376023281,1.066896584,2.227041793,0.025944481,0.046318792,
ENSRNOG00000048924,Islr,691.1911801,2.383533474,0.080492192,29.61198373,1.05e-192,4.68e-191,
ENSRNOG00000049028,C5ar2,71.75202132,4.062112717,0.229863537,17.67184465,6.91e-70,9.48e-69,
ENSRNOG00000049192,unkown,624.8717294,2.845396865,0.100544159,28.29997183,3.4599999999999996e-176,1.33e-174,
ENSRNOG00000049537,LOC100302372,3174.393204,2.166011775,0.058717259,36.88884328,6.98e-298,5.810000000000001e-296,
ENSRNOG00000049743,Gstm5,2457.673798,2.389637887,0.074881088,31.91243534,1.79e-223,9.54e-222,
ENSRNOG00000050123,Gdf5,6.849034332,3.787556428,0.679768494,5.571832858,2.52e-08,7.86e-08,
ENSRNOG00000050201,unkown,747.718696,2.299229567,0.075666847,30.38622127,8.35e-203,4e-201,
ENSRNOG00000050278,unkown,4591.730872,2.126762335,0.058150353,36.57350694,7.54e-293,6.1700000000000006e-291,
ENSRNOG00000050431,unkown,1602.536666,2.672250798,0.063400424,42.14878451,0.0,0.0,
ENSRNOG00000050625,unkown,4.839240062,2.93712859,0.753858306,3.896128178,9.77e-05,0.000234341,
ENSRNOG00000050869,Cebpd,1778.580404,4.421932487,0.091516403,48.31846883,0.0,0.0,
ENSRNOG00000051002,unkown,6.232055903,2.064213043,0.726320492,2.84201405,0.004482952,0.008985164,
ENSRNOG00000051253,unkown,89.31604032,3.278147126,0.212823212,15.40314654,1.56e-53,1.69e-52,
ENSRNOG00000051272,unkown,42.65636359,2.298838056,0.292557866,7.857720888,3.91e-15,1.69e-14,
ENSRNOG00000051307,unkown,1610.287682,4.510269814,0.065079838,69.30364269,0.0,0.0,
ENSRNOG00000051548,Lmod1,7635.077575,2.592636349,0.05523692,46.93665641,0.0,0.0,
ENSRNOG00000051860,unkown,16.65317147,2.31871675,0.420254638,5.517409066,3.44e-08,1.06e-07,
ENSRNOG00000051977,Mmrn2,74.45072165,2.669811944,0.211279502,12.63639833,1.33e-36,1.06e-35,
ENSRNOG00000052150,unkown,104.2030089,4.223592417,0.220359045,19.16686657,7e-82,1.11e-80,
ENSRNOG00000052407,Btk,23.04468355,2.133053689,0.456081821,4.676910131,2.91e-06,7.91e-06,
ENSRNOG00000052564,Gpx3,12784.56263,4.734881543,0.058965308,80.29944574,0.0,0.0,
ENSRNOG00000052569,unkown,12.36625599,2.320207358,0.470858637,4.927609217,8.32e-07,2.35e-06,
ENSRNOG00000052587,unkown,80.56627831,2.383482398,0.212359309,11.22381878,3.12e-29,2.08e-28,
ENSRNOG00000052685,unkown,4654.527225,2.121846243,0.058435404,36.31097042,1.09e-288,8.62e-287,
ENSRNOG00000052902,unkown,19.53773469,3.151128964,0.447243674,7.045664688,1.85e-12,7.14e-12,
ENSRNOG00000053025,AC130391.3,227.472884,2.462121859,0.139430817,17.65837651,8.77e-70,1.2e-68,
ENSRNOG00000053145,Vwa8,512.7375177,2.043187804,0.152907755,13.36222481,1.01e-40,8.71e-40,
ENSRNOG00000053397,Fmr1nb,4.263309626,2.669663421,0.952745892,2.802072874,0.00507754,0.010094492,
ENSRNOG00000053400,Cfi,6.088324747,4.127741535,0.810089012,5.095417259,3.48e-07,1.01e-06,
ENSRNOG00000053410,Adcy10,24.4082038,3.520573592,0.437234626,8.051909393,8.15e-16,3.61e-15,
ENSRNOG00000053448,Psme3,111.5290289,2.636833263,0.224824345,11.72841522,9.11e-32,6.51e-31,
ENSRNOG00000053691,Lama5,2057.431239,4.366233905,0.121957315,35.80132854,1.05e-280,7.889999999999999e-279,
ENSRNOG00000053812,unkown,165.9140498,2.537581005,0.146371569,17.3365704,2.49e-67,3.2900000000000004e-66,
ENSRNOG00000053831,unkown,15.25574635,3.664815145,0.501882888,7.302132095,2.83e-13,1.14e-12,
ENSRNOG00000054047,U2,59.1504008,2.644634684,0.222397361,11.89148408,1.31e-32,9.56e-32,
ENSRNOG00000054080,Cgnl1,15.31241075,2.149900545,0.482934644,4.451742223,8.52e-06,2.23e-05,
ENSRNOG00000054136,unkown,20.32904388,3.976209622,0.523869195,7.590080996,3.2e-14,1.33e-13,
ENSRNOG00000054458,Kcnmb4,74.45498828,4.979689717,0.2907078,17.12953598,8.94e-66,1.15e-64,
ENSRNOG00000054843,unkown,11.68346592,2.395929818,0.545717306,4.390423013,1.13e-05,2.93e-05,
ENSRNOG00000054861,unkown,7.717193159,3.534994789,0.644954822,5.480995982,4.23e-08,1.3e-07,
ENSRNOG00000054978,unkown,2567.063849,2.479860716,0.048090009,51.56706714,0.0,0.0,
ENSRNOG00000055119,unkown,66.14414419,2.164467319,0.221857511,9.756114688,1.74e-22,9.6e-22,
ENSRNOG00000055124,AABR07001942.1,9.977833561,2.316485836,0.55111005,4.203309004,2.63e-05,6.62e-05,
ENSRNOG00000055178,unkown,4.388917338,3.608295498,1.101775397,3.274982821,0.001056684,0.002287439,
ENSRNOG00000055765,unkown,706.3174967,4.838372347,0.101474164,47.68082982,0.0,0.0,
ENSRNOG00000055936,Trnp1,72.08387702,3.69017126,0.218771343,16.86770862,7.78e-64,9.71e-63,
ENSRNOG00000055966,LOC689800,259.301984,3.59610012,0.153261642,23.46379745,9.56e-122,2.28e-120,
ENSRNOG00000056135,Tsc22d3,7421.822271,5.003162426,0.053546665,93.43555659,0.0,0.0,
ENSRNOG00000056153,Tent5b,965.6281874,6.226784593,0.115328672,53.99164395,0.0,0.0,
ENSRNOG00000056471,LOC102552073,71.14279804,7.583817663,0.536773933,14.12851333,2.53e-45,2.38e-44,
ENSRNOG00000056580,En1,54.33268108,4.010327481,0.296251042,13.53692278,9.47e-42,8.35e-41,
ENSRNOG00000056915,Ptprq,11.36099228,3.324479421,0.625986432,5.310785105,1.09e-07,3.27e-07,
ENSRNOG00000057078,Ddit4,1066.578503,3.46748193,0.093100526,37.24449353,1.3e-303,1.1e-301,
ENSRNOG00000057297,unkown,5.411811958,2.014432322,0.819221184,2.458960244,0.013934005,0.025959318,
ENSRNOG00000057347,Cebpb,2009.95119,2.092423672,0.281727897,7.427108557,1.11e-13,4.53e-13,
ENSRNOG00000057713,Cav2,2234.732351,2.55990577,0.048392919,52.89835453,0.0,0.0,
ENSRNOG00000057794,Adamts5,765.8075812,2.506010389,0.136438625,18.36730902,2.3999999999999997e-75,3.51e-74,
ENSRNOG00000057822,unkown,105.2330158,3.051847338,0.207933657,14.67702432,9.05e-49,9.03e-48,
ENSRNOG00000057865,Prss16,63.91912579,5.52306918,0.333070248,16.58229522,9.36e-62,1.14e-60,
ENSRNOG00000057880,Myh11,2685.285352,4.204891404,0.07569119,55.55324726,0.0,0.0,
ENSRNOG00000058114,unkown,3.060806769,3.86951014,1.075650731,3.597366717,0.000321455,0.000735904,
ENSRNOG00000058186,Errfi1,16553.04349,3.100691295,0.043639207,71.05287829,0.0,0.0,
ENSRNOG00000058275,Spef2,2.346644254,3.707742834,1.218926549,3.041809892,0.002351604,0.004878368,
ENSRNOG00000058357,unkown,2457.596794,2.390673533,0.075064958,31.84806328,1.4e-222,7.42e-221,
ENSRNOG00000058375,unkown,4.897220848,2.907550721,0.742239806,3.917265951,8.96e-05,0.00021544,
ENSRNOG00000058388,Zfp36,1638.45925,2.274106237,0.06691443,33.98528907,3.67e-253,2.3400000000000003e-251,
ENSRNOG00000058446,unkown,5.692882178,4.900174175,1.066370567,4.595188884,4.32e-06,1.16e-05,
ENSRNOG00000058571,unkown,33.70797563,6.681171644,1.617550837,4.130424522,3.62e-05,9.02e-05,
ENSRNOG00000058827,unkown,33.08921509,2.096677787,0.280013877,7.487763846,7.01e-14,2.88e-13,
ENSRNOG00000058956,unkown,30.44196433,2.457638768,0.303613467,8.094630294,5.74e-16,2.57e-15,
ENSRNOG00000059093,unkown,16.0867519,2.343174187,0.4204471,5.573053512,2.5e-08,7.81e-08,
ENSRNOG00000059322,N4bp2l1,29.95559164,3.573473436,0.367532374,9.722880718,2.41e-22,1.3300000000000001e-21,
ENSRNOG00000059500,Cdkn1c,320.6849812,6.6760485,0.199859121,33.403772,1.2099999999999999e-244,7.199999999999998e-243,
ENSRNOG00000060087,Adra1b,230.495533,4.799033362,0.158159,30.34309374,3.1e-202,1.4800000000000002e-200,
ENSRNOG00000060166,unkown,1.835830047,3.289727905,1.327594993,2.477960464,0.013213579,0.024698525,
ENSRNOG00000060237,Inhbb,63.55532627,4.184654396,0.260456367,16.06662356,4.37e-58,5.11e-57,
ENSRNOG00000060687,Slc24a3,112.0863629,2.247993784,0.202694748,11.09053788,1.39e-28,9.13e-28,
ENSRNOG00000060769,unkown,10.40989671,2.061371747,0.530255741,3.887504818,0.00010128,0.000242417,
ENSRNOG00000060829,unkown,36.12795777,4.525967233,0.372608023,12.14672511,5.97e-34,4.49e-33,
ENSRNOG00000060867,Rln1,4.067677709,3.255713635,0.917795476,3.547319331,0.000389173,0.000882698,
ENSRNOG00000060899,unkown,223.8579784,5.750636996,0.201737719,28.5055122,1e-178,3.95e-177,
ENSRNOG00000061272,unkown,200.7070523,2.320053312,0.111809497,20.75005586,1.2199999999999998e-95,2.2499999999999998e-94,
ENSRNOG00000061373,Loxl3,3162.567627,2.054894246,0.040823628,50.33590426,0.0,0.0,
ENSRNOG00000061442,unkown,271.2907548,2.041497977,0.140841369,14.49501653,1.2999999999999998e-47,1.27e-46,
ENSRNOG00000061661,unkown,6.893408221,2.093150119,0.737985068,2.836304161,0.004563896,0.009137585,
ENSRNOG00000061768,Slc43a3,9.25388412,3.873436472,0.609989098,6.350009348,2.15e-10,7.57e-10,
ENSRNOG00000062276,Ggt5,55.3242123,4.253962536,0.299366805,14.20986717,7.96e-46,7.54e-45,
ENSRNOG00000000345,,6.645520091,2.679293328,0.885338527,3.026292483,0.002475727,0.009743427,unkown
ENSRNOG00000001628,,6.927456124,2.807975353,0.585176994,4.798506062,1.6e-06,1.33e-05,Pcp4
ENSRNOG00000001926,,91.4188346,3.313355558,1.074820001,3.082707387,0.002051267,0.008272237,Cldn1
ENSRNOG00000002158,,17.28328296,3.786323422,0.537646103,7.042408377,1.89e-12,3.25e-11,Ibsp
ENSRNOG00000002167,,26.51251943,5.195116393,0.509745942,10.1915797,2.1599999999999998e-24,8.919999999999999e-23,Dmp1
ENSRNOG00000002827,,370.5153946,2.040435636,0.098584772,20.69726989,3.67e-95,1.42e-92,Rbfox1
ENSRNOG00000003984,,148.0845501,3.972711028,0.170812445,23.25773768,1.19e-119,6.1400000000000005e-117,Apln
ENSRNOG00000004498,,123.8215538,3.346857192,0.202899541,16.49514418,3.98e-61,5.990000000000002e-59,Scin
ENSRNOG00000005944,,12.47372658,2.254568964,0.443012243,5.089179808,3.6e-07,3.33e-06,Slurp1
ENSRNOG00000006645,,63.96708038,2.058062835,0.191853695,10.7272515,7.580000000000001e-27,3.45e-25,unkown
ENSRNOG00000008223,,103.3638325,2.754343817,0.162718962,16.92699969,2.85e-64,4.85e-62,Cnr1
ENSRNOG00000009822,,58.7022152,2.595979217,0.252209488,10.29294829,7.58e-25,3.21e-23,Tlr2
ENSRNOG00000010805,,28.97621168,2.853356865,1.106622154,2.578438227,0.009924804,0.031521309,Fabp4
ENSRNOG00000010997,,9.60918925,2.180597504,0.540544077,4.034078989,5.48e-05,0.000336757,Ednrb
ENSRNOG00000012098,,193.2961927,2.867954013,0.139755019,20.52129531,1.39e-93,4.9e-91,Adcyap1r1
ENSRNOG00000012290,,77.85195606,2.41697439,0.234845965,10.29174331,7.68e-25,3.24e-23,Gchfr
ENSRNOG00000013408,,127.6670675,2.132412596,0.174240284,12.23834436,1.9399999999999997e-34,1.17e-32,Npas2
ENSRNOG00000014357,,98.16551093,2.280702687,0.176891969,12.89319519,4.92e-38,3.39e-36,Gja4
ENSRNOG00000015677,,67.67386547,3.417028961,0.246259835,13.87570554,8.89e-44,7.709999999999999e-42,Cda
ENSRNOG00000016616,,4.247735676,2.918842823,0.795236552,3.670408279,0.000242163,0.001285188,Prl7a3
ENSRNOG00000016962,,10.39930023,3.343165219,0.568476979,5.880915752,4.08e-09,4.96e-08,Neu2
ENSRNOG00000017459,,27.02859819,2.049514468,0.460287025,4.452687907,8.48e-06,6.16e-05,C1ql3
ENSRNOG00000018236,,6.22915798,3.251100851,0.744125243,4.369023742,1.25e-05,8.75e-05,Cym
ENSRNOG00000019584,,33.36046723,2.255850393,0.282231368,7.992911659,1.32e-15,3.04e-14,Dlk1
ENSRNOG00000019751,,5.06037714,2.183049472,0.71616761,3.048238209,0.002301874,0.009142687,Cyb5r2
ENSRNOG00000019890,,4.193241844,2.460220609,0.738501798,3.331367122,0.000864205,0.003929312,Folr2
ENSRNOG00000020455,,34.11906581,2.038414256,0.274527873,7.425163185,1.13e-13,2.2e-12,Cst6
ENSRNOG00000020865,,81.85672628,2.155424093,0.184106128,11.70750865,1.17e-31,6.26e-30,Ano1
ENSRNOG00000024310,,138.2741734,2.517225686,0.178743738,14.08287486,4.84e-45,4.39e-43,Kcnf1
ENSRNOG00000024620,,102.9822823,2.043036274,0.163530367,12.49331429,8.12e-36,5.06e-34,Mamdc2
ENSRNOG00000024917,,21.93155713,2.209598769,0.304196078,7.263731933,3.77e-13,6.96e-12,Flacc1
ENSRNOG00000025883,,6.749376312,2.278269782,0.731632435,3.113954049,0.001845982,0.007560294,Ip6k3
ENSRNOG00000032626,,30.68403496,2.734629455,0.275021505,9.943329553,2.7e-23,1.05e-21,Mmp3
ENSRNOG00000037080,,4.046267335,2.279187859,0.842768755,2.704404791,0.006842688,0.02314326,Adamts17
ENSRNOG00000037190,,4.653996041,2.232833427,0.845164831,2.641891077,0.008244457,0.027053812,Cd101
ENSRNOG00000038308,,10.63158985,2.798460902,0.808699557,3.460445699,0.000539282,0.002595713,unkown
ENSRNOG00000039698,,10.64194591,2.415004911,0.44735085,5.398458307,6.72e-08,6.98e-07,Prss22
ENSRNOG00000043451,,76814.98651,2.013850665,0.07207561,27.94080653,8.53e-172,8.270000000000001e-169,Spp1
ENSRNOG00000049028,,71.75202132,2.097563173,0.408281537,5.137541091,2.78e-07,2.63e-06,C5ar2
ENSRNOG00000049700,,54.14010093,3.461244764,0.279456684,12.38562166,3.1300000000000003e-35,1.91e-33,unkown
ENSRNOG00000053430,,6.539074688,3.290421184,0.620554767,5.302386445,1.14e-07,1.15e-06,Slco4a1
ENSRNOG00000055025,,38.96232632,3.387244247,0.356845256,9.492193585,2.26e-21,7.92e-20,Fam25a
ENSRNOG00000058337,,5.14375426,2.161507727,0.866255868,2.495230112,0.012587547,0.038466632,Plcb2
ENSRNOG00000060635,,5.146223289,2.477855608,0.743049657,3.334710656,0.000853882,0.003886587,unkown
ENSRNOG00000000345,,6.645520091,2.300977563,0.888033382,2.591093546,0.009567148,0.024536185,unkown
ENSRNOG00000000488,,10308.367,2.180866678,0.071144241,30.6541561,2.33e-206,1.4e-203,Hmga1
ENSRNOG00000001128,,5.736856472,2.188112295,0.850358203,2.573165389,0.010077304,0.025742764,Tesc
ENSRNOG00000001628,,6.927456124,3.305688721,0.679759244,4.863028711,1.16e-06,5.78e-06,Pcp4
ENSRNOG00000002158,,17.28328296,3.474410875,0.546720219,6.355007103,2.08e-10,1.54e-09,Ibsp
ENSRNOG00000002167,,26.51251943,7.506517243,1.061341317,7.072670329,1.52e-12,1.35e-11,Dmp1
ENSRNOG00000002331,,11.91267551,4.517492792,0.816380426,5.533563332,3.14e-08,1.87e-07,Aldh3a1
ENSRNOG00000002866,,4.065421241,2.717020477,0.959840861,2.83069891,0.004644642,0.012892016,Rassf6
ENSRNOG00000003984,,148.0845501,3.208092813,0.161575624,19.85505449,9.97e-88,9.39e-86,Apln
ENSRNOG00000004498,,123.8215538,6.335047231,0.500742229,12.65131413,1.1e-36,3.0200000000000004e-35,Scin
ENSRNOG00000005758,,58.78967017,2.095151268,0.226404105,9.254033929,2.16e-20,3.12e-19,Btbd11
ENSRNOG00000006645,,63.96708038,2.090037133,0.203370394,10.276998,8.95e-25,1.5899999999999998e-23,unkown
ENSRNOG00000006715,,17.5039628,3.835983772,0.634875533,6.042103645,1.52e-09,1.05e-08,unkown
ENSRNOG00000008223,,103.3638325,4.526083523,0.24167013,18.72835304,2.91e-78,2.25e-76,Cnr1
ENSRNOG00000008478,,2.474160944,4.409484617,1.430147303,3.083238075,0.002047613,0.006128303,Mmp13
ENSRNOG00000008697,,4085.93693,2.189170217,0.102669522,21.3224936,7.02e-101,8.22e-99,Ccn3
ENSRNOG00000008806,,67.85986686,2.072804701,0.264187534,7.845959526,4.3e-15,4.5e-14,Clip4
ENSRNOG00000008816,,799.1136567,2.395702888,0.078941883,30.34767865,2.7e-202,1.52e-199,Gpnmb
ENSRNOG00000009031,,5.62961455,2.180427305,0.717624773,3.038394698,0.002378422,0.007028577,Gucy2c
ENSRNOG00000009074,,7.799266788,2.017748727,0.700175044,2.881777554,0.003954388,0.011150435,AABR07017902.1
ENSRNOG00000009465,,9.140388201,2.288927856,0.566575104,4.039937229,5.35e-05,0.000213116,Sfrp2
ENSRNOG00000009797,,5.966395406,2.739341789,0.897594085,3.051871482,0.002274194,0.006751327,Aqp3
ENSRNOG00000009822,,58.7022152,3.368192196,0.287851646,11.70113928,1.2600000000000002e-31,2.84e-30,Tlr2
ENSRNOG00000010459,,3.010629253,2.690494746,1.008276796,2.668408871,0.007621145,0.020014109,Fbxo43
ENSRNOG00000010805,,28.97621168,4.295898895,1.253562977,3.426950999,0.000610399,0.002027651,Fabp4
ENSRNOG00000010893,,3.617613928,3.129306631,1.108138103,2.823931984,0.004743845,0.013143576,Hes3
ENSRNOG00000010997,,9.60918925,2.81620057,0.607062879,4.639059094,3.5e-06,1.64e-05,Ednrb
ENSRNOG00000011646,,131.0183382,3.163286958,0.187360178,16.88345402,5.96e-64,3.4999999999999997e-62,Rem2
ENSRNOG00000011820,,1.994363043,3.427069315,1.3627368,2.514843156,0.011908535,0.029873188,Acp3
ENSRNOG00000012098,,193.2961927,4.913896067,0.233248116,21.0672487,1.59e-98,1.79e-96,Adcyap1r1
ENSRNOG00000012290,,77.85195606,2.503442046,0.246084252,10.17310953,2.61e-24,4.5500000000000006e-23,Gchfr
ENSRNOG00000012843,,47.32059935,2.976843731,0.287273753,10.3623937,3.68e-25,6.649999999999999e-24,Aspg
ENSRNOG00000013092,,31.62638293,2.624794522,0.337992184,7.765843834,8.11e-15,8.38e-14,Lonrf3
ENSRNOG00000013279,,12.69939622,2.609043411,0.785806236,3.320212147,0.000899491,0.002896679,LOC681458
ENSRNOG00000013408,,127.6670675,2.259642629,0.181811131,12.42851646,1.83e-35,4.78e-34,Npas2
ENSRNOG00000013654,,1.60392994,5.040078801,1.584500033,3.180863803,0.001468366,0.004527239,Cbln2
ENSRNOG00000014125,,9.429995546,2.084594953,0.557193608,3.74123989,0.000183115,0.000672524,Evi2b
ENSRNOG00000014357,,98.16551093,3.417738832,0.214048134,15.9671508,2.16e-57,1.06e-55,Gja4
ENSRNOG00000014372,,104.054064,2.297815402,0.190056529,12.09016817,1.19e-33,2.9400000000000004e-32,Gjb3
ENSRNOG00000015677,,67.67386547,4.734126307,0.32161095,14.72004078,4.79e-49,1.97e-47,Cda
ENSRNOG00000016362,,5.249897677,5.041848815,1.324248912,3.807327133,0.000140477,0.000527296,Gpr4
ENSRNOG00000016616,,4.247735676,6.682904556,1.345998135,4.965017692,6.87e-07,3.52e-06,Prl7a3
ENSRNOG00000016653,,82.03625674,2.007903106,0.201773174,9.9512887,2.49e-23,4.13e-22,Ngef
ENSRNOG00000016962,,10.39930023,4.225732659,0.705730733,5.987740741,2.13e-09,1.44e-08,Neu2
ENSRNOG00000016987,,9.272309303,2.09998379,0.588931991,3.565749221,0.000362818,0.001259817,Pstpip2
ENSRNOG00000017024,,5.858406613,2.776544536,0.817326681,3.397104978,0.000681028,0.002241082,Pla2g2e
ENSRNOG00000017459,,27.02859819,2.11438099,0.474618067,4.454910453,8.39e-06,3.76e-05,C1ql3
ENSRNOG00000017899,,22.42692395,2.334870422,0.442313773,5.278764906,1.3e-07,7.25e-07,Akr7a3
ENSRNOG00000018236,,6.22915798,3.069350299,0.767265,4.000378358,6.32e-05,0.000249372,Cym
ENSRNOG00000018336,,21.02603389,2.530036073,0.456356991,5.543984473,2.96e-08,1.77e-07,Eps8l2
ENSRNOG00000019584,,33.36046723,2.64744845,0.311300836,8.50446944,1.82e-17,2.22e-16,Dlk1
ENSRNOG00000019751,,5.06037714,2.592577237,0.817415307,3.171676889,0.001515615,0.00465759,Cyb5r2
ENSRNOG00000020244,,10.66166643,2.255394311,0.545301802,4.136047785,3.53e-05,0.000144778,Perm1
ENSRNOG00000020455,,34.11906581,2.537902706,0.316720859,8.013058294,1.12e-15,1.22e-14,Cst6
ENSRNOG00000020706,,10.30960963,2.056712928,0.598013078,3.43924406,0.000583341,0.001947062,Kcnn3
ENSRNOG00000020811,,135.6941385,2.013359813,0.190014849,10.5958025,3.1200000000000003e-26,5.87e-25,Il6r
ENSRNOG00000020865,,81.85672628,3.94959103,0.250820991,15.74665266,7.240000000000001e-56,3.43e-54,Ano1
ENSRNOG00000021276,,332.3298387,2.281902279,0.109035127,20.92813895,2.97e-97,3.27e-95,unkown
ENSRNOG00000021752,,243.6406897,2.871678802,0.146607269,19.58756085,1.97e-85,1.8e-83,Foxq1
ENSRNOG00000022426,,4.641400171,2.425293909,0.89818205,2.700225315,0.006929253,0.018388962,LOC102546864
ENSRNOG00000024310,,138.2741734,2.568608839,0.185537231,13.84416931,1.38e-43,4.8e-42,Kcnf1
ENSRNOG00000024620,,102.9822823,2.766656133,0.188876733,14.64794569,1.3899999999999998e-48,5.63e-47,Mamdc2
ENSRNOG00000024917,,21.93155713,2.763332561,0.350065527,7.893758015,2.93e-15,3.12e-14,Flacc1
ENSRNOG00000024969,,2.032725998,3.840433426,1.617693781,2.374017549,0.017595714,0.042338667,unkown
ENSRNOG00000025117,,1.771297455,4.317387708,1.683913304,2.563901418,0.010350294,0.026348333,Noxo1
ENSRNOG00000025883,,6.749376312,2.093559242,0.751358643,2.786364757,0.005330286,0.014609989,Ip6k3
ENSRNOG00000026991,,2.595255278,3.763396257,1.38232317,2.722515501,0.006478699,0.017335121,AC110981.1
ENSRNOG00000028016,,2.981429178,3.923616764,1.321920767,2.968117957,0.002996293,0.008660237,Ncf2
ENSRNOG00000028841,,34.63976108,3.859213984,1.059030176,3.644102,0.000268327,0.000953505,Mt1m
ENSRNOG00000032626,,30.68403496,3.073944043,0.313619017,9.801523094,1.11e-22,1.8000000000000003e-21,Mmp3
ENSRNOG00000033573,,2.111907344,5.545571515,1.747539875,3.173359071,0.00150686,0.004631529,Sgk2
ENSRNOG00000033581,,19.05040413,2.107846025,0.600794894,3.508428658,0.000450762,0.00153702,AABR07044388.2
ENSRNOG00000034134,,7.476097535,2.09129829,0.679468201,3.077845714,0.002085028,0.006235858,unkown
ENSRNOG00000036484,,38.08151229,2.215920414,0.489372562,4.528084711,5.95e-06,2.72e-05,unkown
ENSRNOG00000038047,,146.559572,2.027647113,0.227218363,8.923781896,4.51e-19,6.03e-18,Mt1
ENSRNOG00000038308,,10.63158985,2.468292367,0.812896506,3.036416505,0.002394084,0.00706743,unkown
ENSRNOG00000039698,,10.64194591,5.499919689,0.915660878,6.00650287,1.9e-09,1.29e-08,Prss22
ENSRNOG00000042460,,1189.966739,2.488982498,0.105848549,23.51456422,2.89e-122,4.69e-120,Hmga2
ENSRNOG00000042990,,23.55651883,2.734914328,0.681791272,4.011366001,6.04e-05,0.000238882,unkown
ENSRNOG00000043451,,76814.98651,2.547183719,0.072161674,35.29829045,6.2400000000000006e-273,7.01e-270,Spp1
ENSRNOG00000045999,,39.42270979,2.007631656,0.285005006,7.044197874,1.87e-12,1.64e-11,unkown
ENSRNOG00000046763,,20.01978018,2.494213142,0.433914997,5.748160714,9.02e-09,5.72e-08,Adss1
ENSRNOG00000047005,,6.201791242,2.982679584,0.782615789,3.811167148,0.000138312,0.000520097,Kcnk5
ENSRNOG00000047218,,38.62007583,7.006631225,1.195769488,5.859516648,4.64e-09,3.04e-08,Clic5
ENSRNOG00000049700,,54.14010093,4.910642708,0.374411947,13.11561434,2.68e-39,7.86e-38,unkown
ENSRNOG00000050834,,205.7359599,2.180392406,0.200087556,10.89719147,1.19e-27,2.34e-26,Fam102a
ENSRNOG00000051683,,2.661348027,3.495101551,1.482963251,2.356836252,0.018431372,0.04408525,unkown
ENSRNOG00000052311,,7.896155759,2.114951035,0.589272152,3.589090417,0.000331834,0.00115915,unkown
ENSRNOG00000052628,,1.599715261,4.416045184,1.790666395,2.466146233,0.013657556,0.033798194,LOC100363294
ENSRNOG00000053430,,6.539074688,3.576245692,0.706695199,5.060520713,4.18e-07,2.2e-06,Slco4a1
ENSRNOG00000054872,,3.704098462,2.043806834,0.810192774,2.522617948,0.011648488,0.029290554,unkown
ENSRNOG00000055025,,38.96232632,3.291927265,0.368835285,8.925196153,4.45e-19,5.96e-18,Fam25a
ENSRNOG00000055408,,275.013563,2.004276422,0.141150192,14.19960111,9.21e-46,3.42e-44,Gcat
ENSRNOG00000056213,,8.9770689,2.263505522,0.598468119,3.782165583,0.00015547,0.000578936,unkown
ENSRNOG00000057709,,1.879797049,3.558134092,1.502997211,2.367359079,0.017915541,0.042997809,LOC120097217
ENSRNOG00000059605,,18.58502862,2.021639478,0.435821732,4.638684422,3.51e-06,1.64e-05,Ddn
ENSRNOG00000059793,,1.901653086,3.734621415,1.494197319,2.499416487,0.012439802,0.031053471,Rab37
ENSRNOG00000059956,,6.19836707,2.348939162,0.802671328,2.926402229,0.003429073,0.009801917,Bcl6b
ENSRNOG00000060348,,4.717583538,2.254888869,0.80432707,2.803447694,0.005055943,0.013912299,Zdhhc23
ENSRNOG00000060635,,5.146223289,2.427795492,0.784802731,3.093510504,0.001978036,0.00593998,unkown
ENSRNOG00000061685,,4.702711742,2.132947925,0.807079081,2.64279917,0.008222379,0.021426208,unkown
ENSRNOG00000062240,,3.117497377,3.332582401,1.07401736,3.102912974,0.00191626,0.005767932,unkown
ENSRNOG00000062244,,124.6705887,2.115568256,0.15620292,13.54371772,8.629999999999999e-42,2.8199999999999998e-40,unkown
ENSRNOG00000000201,,57.82688652,2.358407539,0.221016319,10.6707394,1.4e-26,1.45e-25,Gsta5
ENSRNOG00000000345,,6.645520091,5.405357527,1.300809274,4.155380526,3.25e-05,9.89e-05,unkown
ENSRNOG00000000488,,10308.367,2.567522952,0.071225048,36.04803396,1.48e-284,3.88e-282,Hmga1
ENSRNOG00000001349,,2141.55924,2.068737587,0.078602841,26.31886535,1.17e-152,9.76e-151,Mcm7
ENSRNOG00000001628,,6.927456124,6.422490248,1.261337878,5.091807961,3.55e-07,1.31e-06,Pcp4
ENSRNOG00000001692,,313.3908358,2.016073706,0.10521303,19.1618254,7.709999999999998e-82,2.5600000000000003e-80,Chaf1b
ENSRNOG00000001926,,91.4188346,2.54614681,0.899093351,2.831904837,0.004627162,0.010449286,Cldn1
ENSRNOG00000001963,,21.18160535,2.018845973,0.449391949,4.492394623,7.04e-06,2.29e-05,Mx2
ENSRNOG00000002158,,17.28328296,3.227752987,0.502315604,6.425747002,1.31e-10,6.41e-10,Ibsp
ENSRNOG00000002167,,26.51251943,5.906775999,0.630331119,9.370909705,7.19e-21,6.01e-20,Dmp1
ENSRNOG00000002331,,11.91267551,3.73849653,0.64130518,5.829512445,5.56e-09,2.4e-08,Aldh3a1
ENSRNOG00000002471,,180.3072867,2.51851762,0.183373163,13.73438501,6.3200000000000004e-43,1.03e-41,Polq
ENSRNOG00000002827,,370.5153946,2.251403778,0.102204624,22.02839453,1.54e-107,7.05e-106,Rbfox1
ENSRNOG00000003208,,348.5706493,2.350806751,0.105595762,22.26232103,8.570000000000001e-110,4.02e-108,Ercc6l
ENSRNOG00000003457,,61.83692459,2.791469634,0.243852028,11.4473915,2.42e-30,2.82e-29,Bicdl2
ENSRNOG00000003468,,3.30176563,2.179444687,0.966968297,2.253894666,0.024202795,0.047131616,Capn8
ENSRNOG00000003675,,1.625210435,4.753534413,1.83640093,2.588505776,0.009639333,0.020452869,unkown
ENSRNOG00000003984,,148.0845501,4.508133199,0.195469132,23.06314636,1.09e-117,5.82e-116,Apln
ENSRNOG00000004195,,488.2842168,2.044452822,0.12994551,15.73315477,8.96e-56,1.92e-54,Dtl
ENSRNOG00000004242,,198.8990931,2.138722895,0.13010179,16.438843,1.01e-60,2.3600000000000007e-59,Pole2
ENSRNOG00000004479,,670.5355305,2.649796912,0.105549768,25.10471556,4.42e-139,3.21e-137,Aurka
ENSRNOG00000004498,,123.8215538,7.118543061,0.604933391,11.76748245,5.740000000000001e-32,7.0300000000000006e-31,Scin
ENSRNOG00000004537,,7.945333736,2.455015148,0.701210758,3.501108788,0.000463327,0.001223618,Rxrg
ENSRNOG00000004666,,27.34722729,2.232527413,0.355188606,6.285470245,3.27e-10,1.55e-09,Prr5l
ENSRNOG00000004682,,137.5505048,2.860519671,0.185612282,15.41126284,1.37e-53,2.84e-52,Parpbp
ENSRNOG00000004882,,1.431796257,4.921752069,1.636099594,3.00822278,0.002627804,0.006198424,Capn6
ENSRNOG00000004921,,858.7533889,2.770764233,0.104233792,26.58220692,1.0900000000000001e-155,9.490000000000001e-154,Nusap1
ENSRNOG00000005037,,307.58022,2.179273234,0.118571426,18.37941317,1.92e-75,5.73e-74,Kif18a
ENSRNOG00000005038,,335.1571033,2.646042997,0.151540645,17.46094591,2.84e-68,7.52e-67,Ube2t
ENSRNOG00000005115,,486.4069713,2.443480635,0.115146611,21.22060398,6.16e-100,2.58e-98,Asf1b
ENSRNOG00000005132,,1.668140385,4.54462855,1.588967475,2.860114269,0.004234884,0.009633915,Slc52a3
ENSRNOG00000005390,,45.29715769,2.234362917,0.260651845,8.572212171,1.02e-17,7.45e-17,Nup210
ENSRNOG00000005410,,164.2272406,2.124215199,0.139247105,15.25500443,1.52e-52,3.08e-51,Cdca7l
ENSRNOG00000005659,,885.2730269,2.429138653,0.082436616,29.46674388,7.68e-191,9.71e-189,Aurkb
ENSRNOG00000005758,,58.78967017,2.254805629,0.224427335,10.04692959,9.48e-24,8.859999999999999e-23,Btbd11
ENSRNOG00000005936,,615.8562226,2.066708376,0.086457131,23.90442938,2.75e-126,1.6800000000000002e-124,Foxm1
ENSRNOG00000005944,,12.47372658,2.425086666,0.470592031,5.153267598,2.56e-07,9.59e-07,Slurp1
ENSRNOG00000006086,,23.6755195,2.221985532,0.353244327,6.290222844,3.17e-10,1.5e-09,Lynx1
ENSRNOG00000006198,,265.7500416,2.225613941,0.150185258,14.81912385,1.1e-49,2.09e-48,Prr11
ENSRNOG00000006353,,12.0646237,2.047317389,0.513763952,3.984937797,6.75e-05,0.000198481,Large2
ENSRNOG00000006645,,63.96708038,2.877979264,0.222989309,12.90635537,4.14e-38,6.01e-37,unkown
ENSRNOG00000006715,,17.5039628,3.836001362,0.602392671,6.367941621,1.92e-10,9.25e-10,unkown
ENSRNOG00000006996,,682.3803743,2.028214318,0.087265333,23.24192503,1.72e-119,9.56e-118,Mms22l
ENSRNOG00000007159,,221.7403973,3.538578904,0.184475974,19.18178738,5.25e-82,1.75e-80,Ccl2
ENSRNOG00000007221,,1336.299263,2.175761726,0.102163374,21.29688598,1.21e-100,5.09e-99,Dut
ENSRNOG00000007271,,24.96962316,2.201522891,0.347138713,6.341911202,2.27e-10,1.09e-09,Map3k9
ENSRNOG00000007805,,1271.18165,2.112332935,0.075796286,27.86855445,6.42e-171,6.58e-169,Mybl2
ENSRNOG00000007830,,80.38778084,3.135705942,0.22258321,14.0877919,4.51e-45,7.68e-44,Apold1
ENSRNOG00000007906,,788.8284216,2.641236845,0.090313584,29.24517814,5.17e-188,6.35e-186,Bub1b
ENSRNOG00000008040,,705.804616,2.783774078,0.097508943,28.54891029,2.9000000000000002e-179,3.34e-177,Pimreg
ENSRNOG00000008091,,298.8008965,2.479029622,0.124722837,19.8763088,6.53e-88,2.33e-86,Gins1
ENSRNOG00000008100,,7.307555987,2.266344107,0.62539863,3.623839258,0.000290262,0.000787885,Rgs20
ENSRNOG00000008115,,1714.48939,2.505751164,0.065967495,37.98463404,0.0,0.0,Arhgap11a
ENSRNOG00000008165,,2349.014052,2.313388103,0.056811146,40.72067341,0.0,0.0,Tpx2
ENSRNOG00000008223,,103.3638325,5.186033603,0.271089896,19.13030945,1.41e-81,4.62e-80,Cnr1
ENSRNOG00000008450,,3073.740992,2.718710436,0.084808851,32.05691878,1.7599999999999998e-225,2.98e-223,unkown
ENSRNOG00000008478,,2.474160944,3.15382773,1.161401126,2.715537001,0.006616838,0.014529352,Mmp13
ENSRNOG00000008806,,67.85986686,2.28617699,0.263742037,8.668231321,4.39e-18,3.28e-17,Clip4
ENSRNOG00000008816,,799.1136567,2.852380768,0.081452876,35.01878514,1.1599999999999999e-268,2.62e-266,Gpnmb
ENSRNOG00000008911,,120.2567958,3.130297945,0.210824622,14.84787644,7.18e-50,1.3699999999999998e-48,Draxin
ENSRNOG00000009074,,7.799266788,3.265149902,0.815465237,4.004033223,6.23e-05,0.000183863,AABR07017902.1
ENSRNOG00000009503,,377.9673637,2.435511309,0.116963796,20.82277922,2.69e-96,1.06e-94,Depdc1
ENSRNOG00000009572,,4.403571593,2.524450671,0.92634388,2.725176604,0.00642671,0.01413517,Hgfac
ENSRNOG00000009797,,5.966395406,2.131203194,0.760894194,2.800919248,0.005095727,0.011409209,Aqp3
ENSRNOG00000009822,,58.7022152,3.91724782,0.302666639,12.94244993,2.59e-38,3.7700000000000014e-37,Tlr2
ENSRNOG00000009970,,20.86757184,2.19320112,0.405200191,5.412635945,6.21e-08,2.45e-07,Gsdme
ENSRNOG00000010359,,2.419504666,4.220511445,1.465368639,2.880170444,0.003974602,0.009093058,Bik
ENSRNOG00000010459,,3.010629253,4.733815474,1.363646938,3.471437762,0.000517679,0.001359085,Fbxo43
ENSRNOG00000010701,,139.8151553,3.516424148,0.206118644,17.06019449,2.94e-65,7.43e-64,Depdc1b
ENSRNOG00000010805,,28.97621168,4.52523803,1.253562977,3.60990083,0.000306314,0.000828028,Fabp4
ENSRNOG00000010883,,120.8213244,2.473117298,0.188108842,13.14726768,1.76e-39,2.64e-38,Pard6b
ENSRNOG00000010997,,9.60918925,4.275484423,0.754527575,5.66643893,1.46e-08,6.08e-08,Ednrb
ENSRNOG00000011108,,2.49649825,4.51946172,1.401291604,3.225211445,0.001258797,0.003111321,Tsga13
ENSRNOG00000011150,,1597.858389,2.025480384,0.04728573,42.834918,0.0,0.0,Arsb
ENSRNOG00000011500,,2.454928549,4.785316969,1.557832566,3.071778748,0.002127874,0.005088675,Pou2af1
ENSRNOG00000011646,,131.0183382,4.119122387,0.212467247,19.38709347,9.92e-84,3.39e-82,Rem2
ENSRNOG00000011672,,4.134044653,5.261316884,1.524985429,3.450076823,0.000560427,0.001464197,Tph1
ENSRNOG00000011777,,1045.496436,2.361428996,0.07676607,30.76136375,8.620000000000001e-208,1.25e-205,Spag5
ENSRNOG00000011820,,1.994363043,3.083743729,1.238547928,2.489805731,0.012781294,0.026442265,Acp3
ENSRNOG00000011901,,488.2020959,2.442321597,0.107475449,22.72446055,2.57e-114,1.31e-112,Rrad
ENSRNOG00000012051,,699.740067,2.676932894,0.088952899,30.09382422,5.84e-199,7.77e-197,Ncaph
ENSRNOG00000012067,,653.0119688,2.320216861,0.075820149,30.60158666,1.17e-205,1.6499999999999998e-203,Fam111a
ENSRNOG00000012098,,193.2961927,6.202374211,0.319719874,19.3994015,7.809999999999999e-84,2.68e-82,Adcyap1r1
ENSRNOG00000012119,,251.5265394,3.180758259,0.160678457,19.79579791,3.24e-87,1.15e-85,Nek2l1
ENSRNOG00000012290,,77.85195606,3.275084195,0.262551485,12.47406463,1.03e-35,1.41e-34,Gchfr
ENSRNOG00000012363,,6.419100094,2.616244205,1.017226498,2.571938708,0.010113079,0.02137947,Peli2
ENSRNOG00000012735,,83.5969622,2.053476814,0.259008609,7.928218364,2.22e-15,1.46e-14,Kif24
ENSRNOG00000012835,,833.3589492,2.830109409,0.102607828,27.58180796,1.8400000000000006e-167,1.82e-165,Espl1
ENSRNOG00000012843,,47.32059935,4.957370859,0.404818536,12.24590876,1.77e-34,2.33e-33,Aspg
ENSRNOG00000013057,,3430.889609,2.31256619,0.053508566,43.21861629,0.0,0.0,Prc1
ENSRNOG00000013069,,288.6714113,3.36519306,0.143151119,23.50797591,3.3800000000000004e-122,1.95e-120,Sapcd2
ENSRNOG00000013092,,31.62638293,2.830700213,0.337476253,8.387850069,4.95e-17,3.52e-16,Lonrf3
ENSRNOG00000013148,,198.8819618,2.028067638,0.121415236,16.7035679,1.23e-62,2.97e-61,Rad54l
ENSRNOG00000013167,,2455.679798,2.277388002,0.073405804,31.02463131,2.51e-211,3.84e-209,Hmgb2
ENSRNOG00000013220,,2.621242691,3.496158134,1.453691232,2.405021133,0.016171531,0.032667586,Arhgap45
ENSRNOG00000013279,,12.69939622,2.797094313,0.782134873,3.576230146,0.000348585,0.000934706,LOC681458
ENSRNOG00000013330,,487.5145606,2.940747577,0.110663161,26.57386196,1.36e-155,1.18e-153,Cdhr1
ENSRNOG00000013408,,127.6670675,3.402485816,0.201377806,16.89603179,4.81e-64,1.19e-62,Npas2
ENSRNOG00000013598,,435.1096249,2.663420741,0.115420371,23.07582903,8.100000000000001e-118,4.38e-116,Melk
ENSRNOG00000013654,,1.60392994,3.396402202,1.46693687,2.315302226,0.020596398,0.040623685,Cbln2
ENSRNOG00000013840,,1.608574424,3.698082628,1.525552615,2.424093795,0.015346641,0.031146612,Ankrd2
ENSRNOG00000013970,,654.7866508,2.155560694,0.102885379,20.95108861,1.83e-97,7.35e-96,Cdt1
ENSRNOG00000014061,,1139.879077,2.344330648,0.076285069,30.73118601,2.18e-207,3.12e-205,Dusp5
ENSRNOG00000014080,,1813.528259,2.103659144,0.057992997,36.27436484,4.1e-288,1.0899999999999998e-285,Kif23
ENSRNOG00000014082,,201.7112205,2.679575071,0.155281316,17.25626195,1e-66,2.61e-65,Sp7
ENSRNOG00000014102,,2.620130787,4.261269865,1.465296667,2.908127726,0.003635998,0.008382646,Wdr38
ENSRNOG00000014124,,2.425077497,4.565450665,1.384993433,3.2963699,0.00097943,0.002463013,Nod2
ENSRNOG00000014125,,9.429995546,2.647352643,0.586835013,4.511238399,6.45e-06,2.11e-05,Evi2b
ENSRNOG00000014130,,782.3839731,2.343560874,0.12363046,18.95617691,3.9300000000000005e-80,1.26e-78,unkown
ENSRNOG00000014336,,2167.416618,2.104739933,0.055744037,37.7572209,0.0,0.0,Mcm5
ENSRNOG00000014357,,98.16551093,3.762772903,0.218735944,17.20235293,2.55e-66,6.55e-65,Gja4
ENSRNOG00000014372,,104.054064,3.276368228,0.214396255,15.28183517,1.01e-52,2.05e-51,Gjb3
ENSRNOG00000014909,,2.892178226,4.415368867,1.377981996,3.20422827,0.001354251,0.003333451,Sh2d5
ENSRNOG00000014960,,455.3924334,2.28043581,0.120667706,18.89847656,1.17e-79,3.74e-78,Bard1
ENSRNOG00000015232,,13.95473814,2.213139662,0.484256174,4.570183679,4.87e-06,1.62e-05,Pip5k1b
ENSRNOG00000015275,,345.4392207,2.968692741,0.122116756,24.31028168,1.53e-130,9.75e-129,Ska1
ENSRNOG00000015308,,513.5267325,3.040695325,0.112458451,27.03838882,5.23e-161,4.82e-159,Pbk
ENSRNOG00000015465,,258.8723856,2.070367094,0.126736966,16.33593708,5.479999999999999e-60,1.27e-58,Cep72
ENSRNOG00000015677,,67.67386547,6.328365064,0.449532087,14.07767152,5.21e-45,8.83e-44,Cda
ENSRNOG00000015794,,435.2533302,2.466880113,0.109467475,22.53527924,1.87e-112,9.32e-111,Fam83d
ENSRNOG00000015810,,515.2369,2.280873913,0.088083525,25.89444419,7.69e-148,6.05e-146,Trip13
ENSRNOG00000015878,,76.63975363,2.620780975,0.245796398,10.66240596,1.53e-26,1.58e-25,Pif1
ENSRNOG00000016075,,1.840604462,4.210574095,1.868790909,2.253100695,0.024252801,0.047202449,Dmrt1
ENSRNOG00000016148,,1002.674462,2.3501915,0.076144059,30.86506727,3.520000000000001e-209,5.2e-207,Gtse1
ENSRNOG00000016362,,5.249897677,3.376383385,0.941333273,3.586809776,0.000334748,0.000899695,Gpr4
ENSRNOG00000016561,,622.2061839,2.965697778,0.120740289,24.56261952,3.17e-133,2.1e-131,Pclaf
ENSRNOG00000016616,,4.247735676,6.912243651,1.345998135,5.135403585,2.82e-07,1.05e-06,Prl7a3
ENSRNOG00000016653,,82.03625674,2.77468732,0.21619176,12.83438053,1.05e-37,1.51e-36,Ngef
ENSRNOG00000016656,,28.326865,2.343501052,0.367744782,6.372628976,1.86e-10,8.97e-10,Nkx2-3
ENSRNOG00000016962,,10.39930023,5.25914606,0.851841778,6.173853172,6.66e-10,3.09e-09,Neu2
ENSRNOG00000017108,,5.894385378,2.307308765,0.783294703,2.945645817,0.003222812,0.007493925,Syngr1
ENSRNOG00000017117,,11.37614196,2.367378101,0.481980747,4.911769021,9.03e-07,3.22e-06,Ybx2
ENSRNOG00000017210,,10.75366668,2.61965533,0.626988256,4.178156938,2.94e-05,8.99e-05,Slc22a23
ENSRNOG00000017259,,1112.386129,2.557658581,0.075305453,33.96378965,7.63e-253,1.54e-250,Tacc3
ENSRNOG00000017283,,19.12702356,3.011898521,0.452276332,6.659421033,2.75e-11,1.41e-10,Kcnt1
ENSRNOG00000017459,,27.02859819,2.32129221,0.473572827,4.901658369,9.5e-07,3.38e-06,C1ql3
ENSRNOG00000017899,,22.42692395,2.359811677,0.432580612,5.455195199,4.89e-08,1.95e-07,Akr7a3
ENSRNOG00000017981,,574.2697366,2.078459726,0.100465558,20.68828136,4.42e-95,1.71e-93,Mcm10
ENSRNOG00000018113,,1365.609678,2.023798635,0.069742197,29.01828057,3.87e-185,4.62e-183,unkown
ENSRNOG00000018236,,6.22915798,4.811129181,1.019340996,4.719842721,2.36e-06,8.08e-06,Cym
ENSRNOG00000018330,,7.455136186,2.356718703,0.633218781,3.721807965,0.000197801,0.00054866,Fam83f
ENSRNOG00000018336,,21.02603389,3.540201796,0.506094063,6.995145869,2.65e-12,1.45e-11,Eps8l2
ENSRNOG00000018615,,399.9109484,2.460612469,0.111484751,22.07129178,5.97e-108,2.75e-106,Cenph
ENSRNOG00000018748,,96.15783323,2.677091184,0.198353001,13.49660034,1.64e-41,2.57e-40,Slc16a11
ENSRNOG00000018782,,584.317153,2.430904015,0.131498922,18.48611369,2.6699999999999998e-76,8.099999999999999e-75,Gmnn
ENSRNOG00000018874,,266.0883613,2.741103614,0.11005095,24.90758709,6.16e-137,4.32e-135,Phf19
ENSRNOG00000018954,,3.689769183,3.476036397,1.23478994,2.815083185,0.004876461,0.010962223,Tsnaxip1
ENSRNOG00000019068,,23.21150605,2.361262943,0.436727193,5.406722967,6.42e-08,2.53e-07,Ctrb1
ENSRNOG00000019100,,659.8714371,2.963511199,0.10451731,28.35426207,7.42e-177,8.18e-175,Kif2c
ENSRNOG00000019174,,493.6629906,2.019660762,0.085426092,23.64220004,1.42e-123,8.51e-122,Chtf18
ENSRNOG00000019203,,20.77798165,2.368316513,0.524752174,4.513209527,6.39e-06,2.09e-05,Eya2
ENSRNOG00000019584,,33.36046723,3.601047925,0.351725063,10.23824659,1.3399999999999999e-24,1.29e-23,Dlk1
ENSRNOG00000019890,,4.193241844,2.281271776,0.739135407,3.086405759,0.002025922,0.00485963,Folr2
ENSRNOG00000020013,,56.12244314,2.872162456,0.288713237,9.948149543,2.57e-23,2.36e-22,Psrc1
ENSRNOG00000020045,,2.520978425,3.359018951,1.364718118,2.461328026,0.013842374,0.028426861,Drgx
ENSRNOG00000020164,,148.7978399,2.462667944,0.161956877,15.20570159,3.24e-52,6.5e-51,Ifitm10
ENSRNOG00000020281,,1392.948327,2.686675358,0.086718511,30.98156714,9.55e-211,1.44e-208,Kif22
ENSRNOG00000020295,,129.4596647,2.598861663,0.149100782,17.43023501,4.86e-68,1.28e-66,Plekhn1
ENSRNOG00000020455,,34.11906581,2.152718334,0.286376531,7.517090616,5.6e-14,3.39e-13,Cst6
ENSRNOG00000020552,,1821.692171,2.387809369,0.071267872,33.50470983,4.12e-246,8.099999999999999e-244,Fosl1
ENSRNOG00000020638,,3.567582362,2.369515623,0.956980154,2.476034235,0.013285084,0.027379829,Hmx2
ENSRNOG00000020865,,81.85672628,3.760269734,0.232105278,16.20070755,4.99e-59,1.14e-57,Ano1
ENSRNOG00000021276,,332.3298387,2.524796182,0.109296216,23.10049036,4.58e-118,2.4999999999999998e-116,unkown
ENSRNOG00000021380,,2.218670005,3.823165077,1.686191264,2.267337733,0.023369602,0.045663163,Fads6
ENSRNOG00000021381,,2.827688611,5.230895156,1.398801847,3.739554082,0.000184347,0.000513809,Ccdc68
ENSRNOG00000021412,,1243.909406,2.040332653,0.071160995,28.67206486,8.51e-181,9.89e-179,Slfn13
ENSRNOG00000021713,,572.6744775,2.846361721,0.108903662,26.1365107,1.4e-150,1.16e-148,Kif18b
ENSRNOG00000021752,,243.6406897,4.260644809,0.184541875,23.08768565,6.16e-118,3.34e-116,Foxq1
ENSRNOG00000021847,,497.754142,2.544930775,0.103724683,24.53544025,6.1900000000000006e-133,4.07e-131,Ska3
ENSRNOG00000022030,,106.071389,2.188276713,0.16718576,13.08889414,3.81e-39,5.66e-38,Aunip
ENSRNOG00000022261,,354.3269693,2.424343794,0.104733301,23.14778373,1.53e-118,8.41e-117,Cenpu
ENSRNOG00000022426,,4.641400171,2.583284806,0.889710279,2.903512375,0.003690024,0.008491371,LOC102546864
ENSRNOG00000022499,,288.8672532,2.447739823,0.108837079,22.48994412,5.21e-112,2.5400000000000006e-110,Sgo1
ENSRNOG00000022521,,255.8939109,2.064054153,0.128502976,16.06230624,4.69e-58,1.05e-56,Ddias
ENSRNOG00000022537,,271.2156753,2.520965025,0.138381327,18.21752308,3.75e-74,1.1e-72,E2f8
ENSRNOG00000022637,,3.434558444,2.376282249,1.014206057,2.342997492,0.019129512,0.037986967,unkown
ENSRNOG00000023093,,244.2565328,2.300964338,0.127601873,18.03237125,1.09e-72,3.14e-71,Mis18bp1
ENSRNOG00000023227,,17.76913238,2.738545638,0.472776268,5.792476956,6.94e-09,2.97e-08,unkown
ENSRNOG00000023318,,14.41294466,2.897375001,0.558749896,5.185459575,2.15e-07,8.13e-07,Tigd3
ENSRNOG00000023633,,11.4349272,2.206348554,0.592626783,3.722998383,0.000196871,0.000546327,Crabp1
ENSRNOG00000023659,,8.288332489,2.048437049,0.705425981,2.90382989,0.003686284,0.00848502,Raet1l
ENSRNOG00000024310,,138.2741734,3.908958458,0.211330185,18.4969244,2.19e-76,6.64e-75,Kcnf1
ENSRNOG00000024620,,102.9822823,2.113462559,0.167943411,12.58437316,2.57e-36,3.5600000000000003e-35,Mamdc2
ENSRNOG00000024917,,21.93155713,5.049082091,0.566119219,8.918761136,4.72e-19,3.65e-18,Flacc1
ENSRNOG00000024931,,609.9052409,2.756258888,0.148864009,18.51528058,1.55e-76,4.74e-75,Ccdc88b
ENSRNOG00000024969,,2.032725998,5.826993842,1.710530122,3.406542666,0.000657913,0.001701434,unkown
ENSRNOG00000025198,,1158.326022,2.929379674,0.077525394,37.78606621,0.0,0.0,unkown
ENSRNOG00000025377,,3.196476851,4.448072505,1.424342764,3.122894725,0.001790818,0.004334716,Ankdd1b
ENSRNOG00000025883,,6.749376312,3.125388314,0.845945367,3.694551015,0.000220276,0.000607398,Ip6k3
ENSRNOG00000025980,,91.97089289,2.122764771,0.205056589,10.35209247,4.09e-25,4.0399999999999996e-24,unkown
ENSRNOG00000026143,,427.3426501,2.348381468,0.089853959,26.13553694,1.44e-150,1.18e-148,Ckap2l
ENSRNOG00000026462,,62.32522279,2.270807399,0.251172527,9.040827141,1.55e-19,1.23e-18,RGD1559962
ENSRNOG00000027035,,174.917449,2.513285231,0.161589731,15.55349601,1.5099999999999998e-54,3.15e-53,Sgo2
ENSRNOG00000027060,,2.237317946,3.360203688,1.416374006,2.372398584,0.017673014,0.035415575,Galr3
ENSRNOG00000027798,,10.56166418,2.044556492,0.564777419,3.620110193,0.000294478,0.000798025,unkown
ENSRNOG00000027894,,1264.73375,2.495217624,0.091560722,27.25205273,1.57e-163,1.5e-161,Iqgap3
ENSRNOG00000028016,,2.981429178,3.525273953,1.181982296,2.982509944,0.002858954,0.006704206,Ncf2
ENSRNOG00000028137,,6601.06477,2.623738328,0.167149867,15.69692139,1.59e-55,3.3899999999999995e-54,Mki67
ENSRNOG00000028279,,24.31041582,2.886524335,0.396947962,7.271795323,3.55e-13,2.05e-12,unkown
ENSRNOG00000028415,,1662.992308,2.806573762,0.067739708,41.43173702,0.0,0.0,Cdc20
ENSRNOG00000028636,,197.6079387,2.714617319,0.164512584,16.50097065,3.61e-61,8.52e-60,Xkr5
ENSRNOG00000028668,,478.3941597,2.302171489,0.160315519,14.36025344,9.19e-47,1.63e-45,Slc28a2
ENSRNOG00000028841,,34.63976108,2.741207183,0.714022777,3.839103276,0.000123484,0.000352749,Mt1m
ENSRNOG00000028844,,109.5243517,2.003762938,0.167161609,11.98698041,4.16e-33,5.28e-32,Slc9a5
ENSRNOG00000029055,,730.0656207,2.903535508,0.088659671,32.74922494,3.11e-235,5.68e-233,Ttk
ENSRNOG00000029091,,5.488245702,2.640248144,0.812666949,3.248868613,0.00115865,0.002881894,unkown
ENSRNOG00000029107,,63.41757148,2.155988317,0.252254888,8.546864385,1.26e-17,9.24e-17,RGD1561694
ENSRNOG00000029861,,32.44868508,2.252245506,0.305846202,7.363980631,1.79e-13,1.05e-12,Gsta2
ENSRNOG00000029862,,1014.564899,2.152596664,0.11426865,18.83803356,3.68e-79,1.16e-77,Spc24
ENSRNOG00000030914,,20.57414998,2.458587699,0.38887848,6.32225188,2.58e-10,1.23e-09,Lexm
ENSRNOG00000031233,,36.6790957,2.341484119,0.284262141,8.237059334,1.76e-16,1.22e-15,Mapk12
ENSRNOG00000031431,,1075.09593,2.163117016,0.075793332,28.53967428,3.770000000000001e-179,4.33e-177,Cdca8
ENSRNOG00000032178,,463.7967623,2.427210452,0.115447874,21.02429751,3.93e-98,1.59e-96,Cenpa
ENSRNOG00000032446,,298.9626526,2.327134302,0.123393435,18.85946609,2.4600000000000003e-79,7.78e-78,Recql4
ENSRNOG00000032569,,20.12060038,2.404585408,0.375924797,6.396453299,1.59e-10,7.72e-10,Lingo3
ENSRNOG00000032596,,635.1832675,2.531145386,0.09770244,25.9066753,5.6e-148,4.45e-146,RT1-T24-1
ENSRNOG00000032626,,30.68403496,3.528078792,0.329665226,10.70200467,9.96e-27,1.04e-25,Mmp3
ENSRNOG00000032778,,1228.186919,2.343828559,0.068669404,34.1320651,2.47e-255,5.03e-253,Bub1
ENSRNOG00000032967,,18.80364938,3.458346441,1.29477848,2.670994687,0.007562684,0.016388025,Tuba3b
ENSRNOG00000033321,,660.7397151,2.221652908,0.106640857,20.8330368,2.17e-96,8.589999999999999e-95,Hmgb2l1
ENSRNOG00000033335,,553.9930129,2.148534645,0.093782949,22.90965123,3.72e-116,1.98e-114,Cenpi
ENSRNOG00000033573,,2.111907344,4.813115887,1.747539875,2.754223784,0.005883153,0.013022361,Sgk2
ENSRNOG00000033581,,19.05040413,2.042232048,0.574206124,3.556618366,0.000375659,0.001003419,AABR07044388.2
ENSRNOG00000033658,,1257.043472,2.155813764,0.107700242,20.01679596,3.93e-89,1.42e-87,Kntc1
ENSRNOG00000033952,,25.2726556,2.914060426,0.382863397,7.611227525,2.72e-14,1.68e-13,AABR07057438.1
ENSRNOG00000034102,,7.326975953,2.468923847,0.816001677,3.025635752,0.00248111,0.005875795,Plk5
ENSRNOG00000034134,,7.476097535,2.294638651,0.677708952,3.385876258,0.000709514,0.001826086,unkown
ENSRNOG00000035531,,7.254635723,2.144972888,0.661657208,3.241818968,0.001187694,0.002946782,Mir25
ENSRNOG00000036484,,38.08151229,3.005628238,0.571007703,5.263726251,1.41e-07,5.41e-07,unkown
ENSRNOG00000037113,,751.932957,2.049756297,0.072658877,28.21067947,4.33e-175,4.59e-173,Slfn2
ENSRNOG00000037198,,39.30518467,2.268976173,0.290181372,7.819165507,5.32e-15,3.42e-14,Usp18
ENSRNOG00000037211,,244.2579671,2.683935476,0.160638289,16.70794363,1.15e-62,2.77e-61,Kif14
ENSRNOG00000037302,,683.3154249,2.353287342,0.108513572,21.68657145,2.75e-104,1.22e-102,Rad51
ENSRNOG00000037911,,80.32770401,2.6149961,0.232739095,11.23574059,2.72e-29,3.08e-28,LOC680227
ENSRNOG00000038035,,802.9007626,2.307058635,0.073554474,31.36530658,6.02e-216,9.39e-214,Kif4a
ENSRNOG00000038047,,146.559572,2.845778708,0.254516505,11.18111657,5.05e-29,5.67e-28,Mt1
ENSRNOG00000038308,,10.63158985,4.105421931,0.908742829,4.517693895,6.25e-06,2.05e-05,unkown
ENSRNOG00000038322,,106.0940223,3.219584597,0.275781177,11.67441747,1.7200000000000002e-31,2.07e-30,unkown
ENSRNOG00000038572,,874.735542,2.177298951,0.100771187,21.60636407,1.56e-103,6.89e-102,Ncapg
ENSRNOG00000039183,,366.0026815,2.223898788,0.109261695,20.35387408,4.29e-92,1.5999999999999998e-90,Cip2a
ENSRNOG00000039494,,229.9578394,2.505550421,0.13585369,18.44300598,5.93e-76,1.7899999999999998e-74,Aass
ENSRNOG00000039698,,10.64194591,7.165921291,1.234685762,5.803842168,6.48e-09,2.78e-08,Prss22
ENSRNOG00000039949,,117.067143,2.386904941,0.171419156,13.9243769,4.5e-44,7.480000000000001e-43,Rad54b
ENSRNOG00000042460,,1189.966739,2.788758375,0.106082486,26.28858423,2.59e-152,2.16e-150,Hmga2
ENSRNOG00000042944,,313.5900717,2.452203868,0.135366094,18.11534774,2.4100000000000003e-73,7.020000000000002e-72,Cenpw
ENSRNOG00000043061,,22.722716,2.019038858,0.36443717,5.54015623,3.02e-08,1.22e-07,Siah3
ENSRNOG00000043451,,76814.98651,3.153099922,0.072208596,43.66654543,0.0,0.0,Spp1
ENSRNOG00000045999,,39.42270979,2.804608785,0.311121752,9.014505642,1.98e-19,1.56e-18,unkown
ENSRNOG00000046635,,181.0518009,2.340821349,0.148895437,15.72124302,1.08e-55,2.3199999999999997e-54,Cdca5
ENSRNOG00000046763,,20.01978018,2.410307842,0.408438523,5.901274508,3.61e-09,1.58e-08,Adss1
ENSRNOG00000047005,,6.201791242,2.482087341,0.692455193,3.584473573,0.000337759,0.000906941,Kcnk5
ENSRNOG00000047218,,38.62007583,7.235970362,1.195769488,6.051308745,1.44e-09,6.5e-09,Clic5
ENSRNOG00000047314,,1781.421085,2.514063008,0.064721997,38.84402691,0.0,0.0,Tk1
ENSRNOG00000047368,,1.588730164,3.83623911,1.598774824,2.399486814,0.016418071,0.033126965,Acer1
ENSRNOG00000048411,,1860.730085,2.135769107,0.068119121,31.35344504,8.729999999999998e-216,1.3500000000000002e-213,Uhrf1
ENSRNOG00000048421,,51.09923106,2.000819534,0.255291588,7.837389202,4.6e-15,2.96e-14,unkown
ENSRNOG00000049028,,71.75202132,2.085578862,0.42570651,4.899100228,9.63e-07,3.42e-06,C5ar2
ENSRNOG00000049700,,54.14010093,6.918756063,0.59379086,11.65183995,2.25e-31,2.69e-30,unkown
ENSRNOG00000050111,,139.8297189,2.297271832,0.200996592,11.42940687,2.98e-30,3.460000000000001e-29,Cenpo
ENSRNOG00000050241,,1.238217154,4.785727143,1.92304483,2.488619645,0.012824008,0.026514793,unkown
ENSRNOG00000050251,,24.30904125,2.535874566,0.345673745,7.336034632,2.2e-13,1.29e-12,MGC105649
ENSRNOG00000050819,,512.4851813,2.595628984,0.129885132,19.98403465,7.579999999999999e-89,2.74e-87,Birc5
ENSRNOG00000050834,,205.7359599,2.190339306,0.197322324,11.10031172,1.25e-28,1.3800000000000002e-27,Fam102a
ENSRNOG00000051528,,318.4263502,2.198203566,0.143803089,15.28620544,9.45e-53,1.92e-51,Ddx11
ENSRNOG00000051927,,3.146210833,3.54576223,1.380326949,2.568784325,0.010205595,0.021561888,LOC120099034
ENSRNOG00000052311,,7.896155759,3.322449592,0.721108716,4.607418436,4.08e-06,1.36e-05,unkown
ENSRNOG00000052563,,6.196660081,2.128916954,0.819912161,2.596518329,0.009417388,0.020021201,LOC120102747
ENSRNOG00000053026,,444.2301228,2.604079931,0.110348418,23.59870661,3.97e-123,2.3400000000000003e-121,Shcbp1
ENSRNOG00000053430,,6.539074688,6.45925178,1.25829743,5.133326689,2.85e-07,1.06e-06,Slco4a1
ENSRNOG00000053626,,20.20974872,2.849233543,0.44748967,6.367149315,1.93e-10,9.29e-10,unkown
ENSRNOG00000053627,,2.209982005,3.941899298,1.476671711,2.669448646,0.007597589,0.016459542,LOC120097977
ENSRNOG00000053720,,3.120150478,4.144951493,1.379198478,3.005333576,0.002652897,0.006255245,unkown
ENSRNOG00000053757,,2.891168919,2.956024523,1.276750824,2.315271287,0.02059809,0.040623685,LOC120102021
ENSRNOG00000053867,,7.002709378,2.308982455,0.652505523,3.538640476,0.000402193,0.001070002,unkown
ENSRNOG00000054057,,76.41519024,2.701362378,0.299244087,9.027287394,1.76e-19,1.39e-18,unkown
ENSRNOG00000054286,,3444.739285,2.568650884,0.059322277,43.29993715,0.0,0.0,Rrm2
ENSRNOG00000054326,,6.293567748,2.930752673,0.879426441,3.332572842,0.000860469,0.002182562,LOC120100473
ENSRNOG00000054474,,736.3663949,2.80030981,0.105254314,26.60517856,5.91e-156,5.28e-154,Mastl
ENSRNOG00000054539,,2.235177292,4.10998633,1.482750769,2.771865924,0.005573599,0.012391023,unkown
ENSRNOG00000054548,,17.02146054,2.279811247,0.437531123,5.210626467,1.88e-07,7.13e-07,Srpk3
ENSRNOG00000054872,,3.704098462,2.836865475,0.909609915,3.118771497,0.001816067,0.004391535,unkown
ENSRNOG00000055025,,38.96232632,6.077747341,0.591613431,10.27317337,9.31e-25,9.04e-24,Fam25a
ENSRNOG00000055111,,893.7699423,2.812877958,0.08960028,31.39362916,2.47e-216,3.89e-214,LOC100364016
ENSRNOG00000055300,,1168.571888,2.081593301,0.076759102,27.11852089,5.96e-162,5.57e-160,Ncapd2
ENSRNOG00000055408,,275.013563,2.528115795,0.144722718,17.46868651,2.48e-68,6.59e-67,Gcat
ENSRNOG00000055858,,4.937360436,3.314508065,1.076607019,3.07866102,0.002079331,0.004980844,Myb
ENSRNOG00000056069,,1306.467968,2.695186925,0.067468982,39.94705172,0.0,0.0,Kif11
ENSRNOG00000056209,,267.3813674,2.241070616,0.142693597,15.70547432,1.39e-55,2.9699999999999996e-54,Exo1
ENSRNOG00000056213,,8.9770689,4.501435833,0.867515291,5.188883561,2.12e-07,7.99e-07,unkown
ENSRNOG00000056226,,110.1450934,2.41221677,0.207249881,11.63917083,2.61e-31,3.12e-30,Cenpq
ENSRNOG00000056344,,25.35366242,2.184683923,0.397710943,5.493145113,3.95e-08,1.58e-07,unkown
ENSRNOG00000056555,,1.212102995,3.685686146,1.649917302,2.233861141,0.025492211,0.049353924,unkown
ENSRNOG00000057458,,95.71032735,3.061859633,0.215103609,14.23434806,5.61e-46,9.8e-45,Oip5
ENSRNOG00000057760,,365.8769054,2.056189829,0.124240244,16.55011101,1.6e-61,3.79e-60,Stil
ENSRNOG00000057867,,104.1949842,2.354380023,0.20041353,11.74761017,7.26e-32,8.87e-31,Mns1
ENSRNOG00000058340,,119.240241,2.29406978,0.193318963,11.86676019,1.76e-32,2.1900000000000003e-31,Krt79
ENSRNOG00000058679,,2.006728944,3.361627833,1.504075857,2.235012162,0.02541655,0.049223954,LOC120096776
ENSRNOG00000059245,,40.991002,2.205460155,0.312794174,7.050835146,1.78e-12,9.84e-12,Rad51b
ENSRNOG00000059532,,32.26911497,2.060357597,0.340624588,6.048763557,1.46e-09,6.59e-09,unkown
ENSRNOG00000059605,,18.58502862,2.317016559,0.44004299,5.265432271,1.4e-07,5.37e-07,Ddn
ENSRNOG00000059894,,1167.337578,2.426815724,0.064324174,37.72789564,0.0,0.0,Hmmr
ENSRNOG00000059900,,4.500025423,2.774649908,0.950881451,2.917976688,0.003523107,0.008139721,Bst2
ENSRNOG00000060100,,878.6085806,2.054854001,0.096165375,21.36791958,2.66e-101,1.13e-99,Knl1
ENSRNOG00000060225,,6.846019829,2.673557245,0.784737979,3.406942591,0.000656949,0.001699197,unkown
ENSRNOG00000060237,,63.55532627,2.075470152,0.475474219,4.36505297,1.27e-05,4.04e-05,Inhbb
ENSRNOG00000060348,,4.717583538,2.255053087,0.773965421,2.913635447,0.003572468,0.008241668,Zdhhc23
ENSRNOG00000060356,,553.265479,2.385191782,0.093664136,25.46536906,4.77e-143,3.59e-141,Kif15
ENSRNOG00000060633,,27.32341415,2.925378271,0.401059251,7.294129886,3.01e-13,1.74e-12,AABR07067526.1
ENSRNOG00000060703,,421.1356794,3.129617815,0.138451157,22.60449012,3.91e-113,1.97e-111,Troap
ENSRNOG00000060867,,4.067677709,3.348932486,1.480203157,2.262481653,0.023667661,0.04617781,Rln1
ENSRNOG00000061085,,593.2290656,2.54031429,0.111592597,22.76418291,1.04e-114,5.35e-113,Fancd2
ENSRNOG00000061685,,4.702711742,3.955447045,1.161545411,3.405331386,0.000660838,0.001708234,unkown
ENSRNOG00000062002,,2.137664014,4.355192511,1.703063313,2.557269879,0.010549733,0.022226586,Kcna3
ENSRNOG00000062240,,3.117497377,6.386013056,1.418581832,4.501688175,6.74e-06,2.2e-05,unkown
ENSRNOG00000062244,,124.6705887,3.238656781,0.181651213,17.82898514,4.21e-71,1.19e-69,unkown
