ENSEMBL ID,Gene Symbols,baseMean,log2FoldChange,lfcSE,stat,pvalue,padj
ENSRNOG00000000158,Cdo1,399.0690348,4.849724918,0.111887766,43.34455029,0,0
ENSRNOG00000000172,Sqor,1645.577881,3.587780336,0.059454591,60.34488271,0,0
ENSRNOG00000000281,Prodh1,33.80272191,5.40112993,0.441548389,12.23224921,2.09E-34,1.60E-33
ENSRNOG00000000299,Foxo3,937.7740146,3.230518991,0.117081789,27.59198513,1.39E-167,5.03E-166
ENSRNOG00000000302,Sesn1,764.7201501,3.708396848,0.077611605,47.78147379,0,0
ENSRNOG00000000394,Srgn,69.47915014,4.036144902,0.241157681,16.73653889,7.10E-63,8.79E-62
ENSRNOG00000000413,unkown,679.4262146,3.009968724,0.099211434,30.33892964,3.52E-202,1.67E-200
ENSRNOG00000000478,unkown,38.73801913,2.860229394,0.263925363,10.8372661,2.29E-27,1.46E-26
ENSRNOG00000000516,Pxt1,1.461041834,3.970696858,1.718683937,2.310312428,0.020870863,0.037847455
ENSRNOG00000000566,Pcbd1,195.6529517,2.29200417,0.164706287,13.9157054,5.09E-44,4.66E-43
ENSRNOG00000000572,Chst3,1669.197533,2.436481294,0.094460701,25.79359749,1.05E-146,3.15E-145
ENSRNOG00000000704,Cmklr1,1565.34994,3.300235052,0.073543399,44.87466029,0,0
ENSRNOG00000000781,Rnf39,59.71192216,3.77717339,0.25947353,14.55706633,5.27E-48,5.19E-47
ENSRNOG00000000825,Calhm5,143.3754578,3.344377946,0.152790796,21.8886087,3.34E-106,6.94E-105
ENSRNOG00000000897,Rxfp2,28.66265162,2.719429053,0.375019942,7.251425187,4.12E-13,1.64E-12
ENSRNOG00000000905,Tex26,4.042256802,2.456894974,0.798429345,3.077160164,0.00208983,0.004374226
ENSRNOG00000000906,Medag,1506.460832,2.617131045,0.060331981,43.37883475,0,0
ENSRNOG00000000907,Alox5ap,88.53131786,2.912355847,0.212917685,13.67831823,1.37E-42,1.22E-41
ENSRNOG00000000956,Rasl11a,146.6434691,3.865556091,0.169091242,22.86077064,1.14E-115,2.60E-114
ENSRNOG00000001030,Tsc22d1,7945.460324,2.149368181,0.045762082,46.96832186,0,0
ENSRNOG00000001227,Adarb1,1961.099795,3.106180922,0.107226056,28.96852731,1.64E-184,6.80E-183
ENSRNOG00000001242,Gstt3,24.67635695,2.23806214,0.313331596,7.142791118,9.15E-13,3.59E-12
ENSRNOG00000001247,Clip1,4271.86541,2.630691883,0.054094499,48.63141194,0,0
ENSRNOG00000001252,Chst12,586.5031838,2.298790822,0.084538077,27.19237172,7.99E-163,2.81E-161
ENSRNOG00000001261,Ftcd,20.98485607,2.1489683,0.384397967,5.590477794,2.26E-08,7.08E-08
ENSRNOG00000001271,Card6,7.05955479,2.018899154,0.578575972,3.489427924,0.000484056,0.001087857
ENSRNOG00000001288,Gpr146,18.71914171,2.177789203,0.483611757,4.503176719,6.69E-06,1.77E-05
ENSRNOG00000001302,Adora2a,11.81038904,4.507827479,0.656455816,6.866916808,6.56E-12,2.47E-11
ENSRNOG00000001376,Mettl7a,538.5213798,3.165489901,0.080791408,39.18102181,0,0
ENSRNOG00000001404,Agfg2,444.2201831,2.565123486,0.085597191,29.96737911,2.61E-197,1.21E-195
ENSRNOG00000001414,Serpine1,147721.2224,2.086601596,0.055457197,37.62544261,0,0
ENSRNOG00000001419,Cldn15,86.01858323,2.345033249,0.180672669,12.97945763,1.60E-38,1.33E-37
ENSRNOG00000001469,Eln,51.65893656,5.023154302,0.355160945,14.14331831,2.05E-45,1.93E-44
ENSRNOG00000001506,Tmem35a,646.1496706,2.291833938,0.082148726,27.89859389,2.77E-171,1.03E-169
ENSRNOG00000001516,Rapgef4,480.6019155,3.463977723,0.127442484,27.18071419,1.10E-162,3.85E-161
ENSRNOG00000001607,Adamts1,15688.16172,3.356867553,0.058547576,57.33572193,0,0
ENSRNOG00000001627,Abi3bp,1199.005988,3.253736715,0.118087451,27.55361959,4.00E-167,1.45E-165
ENSRNOG00000001629,Get1,898.6039963,2.476256978,0.084714148,29.23073701,7.89E-188,3.38E-186
ENSRNOG00000001728,Fam43a,150.4411053,2.455978303,0.165096044,14.87605787,4.71E-50,4.83E-49
ENSRNOG00000001770,Ehhadh,39.42768125,2.699454161,0.273743715,9.861246173,6.13E-23,3.44E-22
ENSRNOG00000001792,Slc12a8,5.280482455,2.416149223,0.715804114,3.375433552,0.000736995,0.001623268
ENSRNOG00000001804,Itpr2,186.2240357,2.073506613,0.212772118,9.745198911,1.93E-22,1.07E-21
ENSRNOG00000001926,Cldn1,91.4188346,6.502265805,0.340633424,19.08874861,3.13E-81,4.91E-80
ENSRNOG00000001982,Cblb,3078.71941,2.174290066,0.091044652,23.88157906,4.76E-126,1.20E-124
ENSRNOG00000001989,Alcam,3695.105854,2.060444722,0.054193336,38.02026,0,0
ENSRNOG00000002050,Igfbp7,12659.71926,2.91468339,0.089427067,32.59285445,5.18E-233,2.93E-231
ENSRNOG00000002057,Slc10a6,102.4058753,8.807393269,0.661984318,13.30453461,2.18E-40,1.88E-39
ENSRNOG00000002093,Tgfbr3,962.5628812,2.316373113,0.056182709,41.22928854,0,0
ENSRNOG00000002097,Rasl11b,2413.14462,3.845647867,0.055042459,69.86693489,0,0
ENSRNOG00000002188,Hpse,15.98115745,2.472339899,0.396272281,6.238992781,4.40E-10,1.52E-09
ENSRNOG00000002208,Shroom3,55.59971132,4.716471223,0.36594202,12.88857516,5.22E-38,4.29E-37
ENSRNOG00000002210,Hsd17b11,1253.813204,2.005540046,0.059532615,33.68808911,8.64E-249,5.34E-247
ENSRNOG00000002212,Hsd17b13,9.324391859,2.55028829,0.615139718,4.145868354,3.39E-05,8.46E-05
ENSRNOG00000002215,Mylk,979.0109179,4.259868617,0.093775282,45.42634841,0,0
ENSRNOG00000002256,Art3,27.20905796,5.90834942,0.553174865,10.68079877,1.25E-26,7.83E-26
ENSRNOG00000002291,Brwd3,379.5231726,2.082118443,0.178077218,11.69222244,1.40E-31,9.91E-31
ENSRNOG00000002385,Prg4,143.4334132,5.965202626,0.252033865,23.66825832,7.66E-124,1.86E-122
ENSRNOG00000002418,Tgfb2,8895.146184,2.556610131,0.073110884,34.96894028,6.67E-268,4.65E-266
ENSRNOG00000002468,Tnr,8.001819201,4.091951261,0.718464625,5.695410908,1.23E-08,3.90E-08
ENSRNOG00000002496,Stxbp5l,1.332259045,3.797964115,1.617165548,2.348531429,0.018847608,0.034459766
ENSRNOG00000002548,Tnn,7886.529183,6.721178586,0.081076552,82.89916647,0,0
ENSRNOG00000002701,Hgd,29.89989733,5.722731088,0.502551972,11.38734183,4.84E-30,3.28E-29
ENSRNOG00000002814,unkown,35.12450539,5.918880622,0.484739347,12.21043982,2.73E-34,2.08E-33
ENSRNOG00000002930,Ppl,221.5768156,4.997205902,0.154334789,32.37899844,5.42E-230,3.01E-228
ENSRNOG00000003059,Optc,22.44064967,3.399738426,0.405506781,8.383924968,5.12E-17,2.38E-16
ENSRNOG00000003094,Cmahp,1.173857649,5.440014298,2.164760253,2.512986965,0.011971376,0.022523278
ENSRNOG00000003098,Prom1,24.02891625,2.395481701,0.464142266,5.161093645,2.46E-07,7.20E-07
ENSRNOG00000003120,Prelp,7171.206209,4.696228566,0.058230963,80.64830671,0,0
ENSRNOG00000003132,Mip,20.30900515,3.178202334,0.347712633,9.14031309,6.23E-20,3.19E-19
ENSRNOG00000003259,C1qtnf1,971.5327586,5.507036853,0.097672895,56.38244704,0,0
ENSRNOG00000003349,Col23a1,5.167672561,3.809712288,0.868756468,4.385247685,1.16E-05,3.00E-05
ENSRNOG00000003439,Il15,186.1841182,2.436832704,0.140960906,17.28729456,5.86E-67,7.70E-66
ENSRNOG00000003486,Mnda,319.3600031,2.814576837,0.0931298,30.22208609,1.21E-200,5.72E-199
ENSRNOG00000003553,Efemp1,14.77561767,3.411058726,0.710672224,4.799763675,1.59E-06,4.39E-06
ENSRNOG00000003587,Vegfd,1604.111546,5.452393346,0.09206585,59.22275605,0,0
ENSRNOG00000003595,Lhx4,4.041776315,3.123621893,0.960281648,3.252818484,0.001142665,0.00246527
ENSRNOG00000003620,Fmo3,4.365231972,7.442144092,1.462076051,5.090121054,3.58E-07,1.04E-06
ENSRNOG00000003687,Rgs2,660.1430989,7.208260337,0.167269306,43.09374206,0,0
ENSRNOG00000003742,Cdkl5,79.67014945,3.223738874,0.202357646,15.93089731,3.87E-57,4.46E-56
ENSRNOG00000003841,Kcnh1,9.207832642,2.079908034,0.605875106,3.432898983,0.000597165,0.001327665
ENSRNOG00000004029,Nectin4,31.25175601,5.024103009,0.433343091,11.5938228,4.43E-31,3.09E-30
ENSRNOG00000004120,RGD1565844,2.680299262,2.723001823,0.949291737,2.868456256,0.004124802,0.008302105
ENSRNOG00000004124,Grpr,2.774707671,6.620204817,1.425966349,4.642609428,3.44E-06,9.29E-06
ENSRNOG00000004200,Sybu,60.85805997,3.322597424,0.22165767,14.98976968,8.56E-51,8.84E-50
ENSRNOG00000004210,Osr1,2442.757761,2.150193909,0.048915992,43.95686999,0,0
ENSRNOG00000004275,Egfl6,5.445604812,3.524563979,0.843094851,4.180507064,2.91E-05,7.31E-05
ENSRNOG00000004296,Nt5c1b,41.9522652,5.475496959,0.400772884,13.66234386,1.70E-42,1.52E-41
ENSRNOG00000004298,Dpys,7.355902373,6.001329217,1.182347059,5.075776333,3.86E-07,1.11E-06
ENSRNOG00000004327,Ddc,8.676265604,2.075212116,0.613513415,3.382504872,0.00071828,0.001583543
ENSRNOG00000004328,Deptor,211.3363159,3.379022965,0.202117622,16.71810175,9.68E-63,1.19E-61
ENSRNOG00000004399,Dlx4,6.435455094,2.160544261,0.663253239,3.257495228,0.001124001,0.002426969
ENSRNOG00000004400,Avpr1a,1857.869291,2.742562211,0.04806392,57.06072649,0,0
ENSRNOG00000004448,Acss3,142.7633928,6.808259423,0.309989098,21.96289955,6.52E-107,1.37E-105
ENSRNOG00000004516,Itgbl1,1990.232171,4.328397906,0.065444586,66.13836447,0,0
ENSRNOG00000004527,Lin7a,64.69687745,3.023795983,0.417424721,7.243931263,4.36E-13,1.74E-12
ENSRNOG00000004540,Clec3b,44.47823761,7.036435868,0.609949393,11.53609782,8.68E-31,6.00E-30
ENSRNOG00000004589,Galnt16,2223.118443,2.223710779,0.054486943,40.81181046,0,0
ENSRNOG00000004610,Lum,7.4094046,7.642832245,1.27542049,5.992401959,2.07E-09,6.87E-09
ENSRNOG00000004686,Spop,3473.927251,2.141079989,0.048059582,44.55053309,0,0
ENSRNOG00000004698,unkown,3.632539085,3.603032766,1.077009888,3.34540361,0.000821629,0.001800963
ENSRNOG00000004699,Fibin,345.1990248,4.356929194,0.123940456,35.15340611,1.03E-270,7.26E-269
ENSRNOG00000004720,unkown,2.67051019,2.173968086,0.895356502,2.428047467,0.015180356,0.028135225
ENSRNOG00000004744,Lratd2,10.16207213,2.988840375,0.573744821,5.209354869,1.89E-07,5.59E-07
ENSRNOG00000004752,Nalcn,137.7217943,2.957905177,0.157773555,18.74778808,2.02E-78,3.07E-77
ENSRNOG00000004861,Itga4,1979.301441,2.182606472,0.196815639,11.08959879,1.41E-28,9.22E-28
ENSRNOG00000004956,Jade2,318.1890725,2.083597457,0.144067399,14.46265756,2.09E-47,2.03E-46
ENSRNOG00000005008,Angpt4,85.56259955,3.037763019,0.189740863,16.01006222,1.09E-57,1.26E-56
ENSRNOG00000005094,C1qtnf7,460.7191214,4.446339667,0.10622317,41.85847291,0,0
ENSRNOG00000005185,Nxph3,97.21156796,2.366136366,0.18316466,12.91808346,3.56E-38,2.93E-37
ENSRNOG00000005195,Cst3,5491.490314,2.563452473,0.075596278,33.90977092,4.78E-252,3.02E-250
ENSRNOG00000005228,Gnptab,3333.556313,2.269099803,0.07050137,32.18518756,2.84E-227,1.56E-225
ENSRNOG00000005271,Rapgef5,41.66498602,9.739841981,1.197358601,8.134440238,4.14E-16,1.86E-15
ENSRNOG00000005284,Itpka,11.89962427,3.318536049,0.486296362,6.824102144,8.85E-12,3.31E-11
ENSRNOG00000005464,Lgalsl,1535.877489,2.457660307,0.049655591,49.49413078,0,0
ENSRNOG00000005465,Kcnmb1,25.79989787,3.166063359,0.430678598,7.351336643,1.96E-13,7.93E-13
ENSRNOG00000005592,Brinp2,5.225265506,2.210559767,0.778264776,2.840369802,0.004506126,0.009029673
ENSRNOG00000005695,Mgp,8655.723155,2.375480766,0.082449337,28.81139919,1.54E-182,6.25E-181
ENSRNOG00000005854,Angpt1,289.5632828,4.541883943,0.142949071,31.77274194,1.54E-221,8.12E-220
ENSRNOG00000005861,Hsd11b1,3085.804406,4.641190031,0.056399458,82.29139472,0,0
ENSRNOG00000005871,Il1rn,25.26133449,3.431472947,0.372489928,9.212256991,3.19E-20,1.65E-19
ENSRNOG00000005917,Pawr,1176.188132,2.19308324,0.066900817,32.78111283,1.09E-235,6.26E-234
ENSRNOG00000005998,Smoc1,74.8382336,2.500908803,0.241003449,10.37706644,3.15E-25,1.90E-24
ENSRNOG00000006052,Sulf2,3848.437327,4.732428363,0.067440067,70.17235532,0,0
ENSRNOG00000006060,Matn2,172.4292959,3.725555431,0.138450896,26.90885747,1.73E-159,5.92E-158
ENSRNOG00000006076,Steap2,3029.211067,2.488333284,0.043030083,57.82775915,0,0
ENSRNOG00000006079,Psd4,29.17334673,5.341508005,0.474887316,11.24794836,2.37E-29,1.58E-28
ENSRNOG00000006104,Tg,86.84829654,2.12365739,0.233116469,9.109855695,8.25E-20,4.21E-19
ENSRNOG00000006122,Igf2bp1,13.32576308,3.187766494,0.456295629,6.986186787,2.82E-12,1.08E-11
ENSRNOG00000006167,Rasal3,5.846261726,2.388105576,0.734287403,3.25227638,0.001144846,0.002468937
ENSRNOG00000006231,Ptpro,13.44909769,4.228026029,0.541658299,7.805707098,5.92E-15,2.54E-14
ENSRNOG00000006280,Pcsk9,40.375466,3.112598732,0.296681229,10.49139084,9.46E-26,5.79E-25
ENSRNOG00000006498,Lrrc69,1.903608475,2.807595984,1.243779088,2.257310813,0.02398866,0.043111663
ENSRNOG00000006509,Srgap3,861.6247806,2.255921355,0.18164419,12.4194523,2.05E-35,1.59E-34
ENSRNOG00000006591,unkown,2.268496075,6.517537476,2.204481637,2.956494337,0.003111579,0.006369249
ENSRNOG00000006631,Sema3e,1602.751455,2.297171841,0.086783628,26.47010611,2.14E-154,6.99E-153
ENSRNOG00000006653,Slc38a4,199.7720266,4.568577181,0.153269286,29.80751914,3.12E-195,1.41E-193
ENSRNOG00000006761,Sh3gl2,8.248166662,3.437124204,0.61091555,5.626185493,1.84E-08,5.79E-08
ENSRNOG00000006783,Neb,250.9022608,2.154717991,0.234580366,9.185414901,4.10E-20,2.11E-19
ENSRNOG00000007003,Mei1,46.76283759,4.180803986,0.30974471,13.49757995,1.62E-41,1.42E-40
ENSRNOG00000007034,Hipk2,886.3678751,2.349433275,0.289957374,8.102685026,5.38E-16,2.41E-15
ENSRNOG00000007057,Csmd2,11.75956704,6.528955482,1.082777076,6.02982426,1.64E-09,5.48E-09
ENSRNOG00000007062,Rin3,837.8044206,2.226855786,0.093774444,23.74693681,1.18E-124,2.91E-123
ENSRNOG00000007081,Xdh,5095.96729,5.260382609,0.059844869,87.90031162,0,0
ENSRNOG00000007178,Cd8a,9.630048747,4.510509361,0.728956514,6.187624737,6.11E-10,2.09E-09
ENSRNOG00000007202,Sema3d,1184.788707,3.744861254,0.116784318,32.06647351,1.29E-225,7.00E-224
ENSRNOG00000007261,Gli2,95.07779019,2.038262466,0.197512933,10.31964053,5.74E-25,3.43E-24
ENSRNOG00000007377,Slit3,1845.604903,2.119735571,0.109590805,19.34227579,2.37E-83,3.83E-82
ENSRNOG00000007387,Per1,891.669066,2.597262222,0.086107346,30.16307354,7.23E-200,3.40E-198
ENSRNOG00000007390,Nfkbia,685.8131347,2.12372802,0.09935463,21.37522959,2.27E-101,4.47E-100
ENSRNOG00000007433,Cyb561,13.74140497,3.09434223,0.449347047,6.886308141,5.73E-12,2.17E-11
ENSRNOG00000007457,Serping1,144.5287323,4.768337004,0.212653476,22.42303815,2.35E-111,5.13E-110
ENSRNOG00000007484,Ehf,2.38697817,5.5697448,1.693899689,3.28811962,0.00100859,0.002189424
ENSRNOG00000007551,Patj,620.4686074,2.518273997,0.099102474,25.41080863,1.92E-142,5.61E-141
ENSRNOG00000007587,Tcp11l2,474.9359979,2.259915432,0.102205673,22.11144806,2.45E-108,5.21E-107
ENSRNOG00000007637,Acer2,12.48866902,4.024057127,0.514828883,7.816300248,5.44E-15,2.34E-14
ENSRNOG00000007680,Fhl5,28.61820436,3.870358048,0.433029844,8.937855215,3.97E-19,1.98E-18
ENSRNOG00000007743,Mgst1,21.10328376,2.215717746,0.332249073,6.668845525,2.58E-11,9.44E-11
ENSRNOG00000007837,Acot11,129.5700237,2.076349942,0.141087945,14.71670697,5.04E-49,5.06E-48
ENSRNOG00000007886,Orm1,21.01030571,9.729152602,1.214905987,8.008152651,1.16E-15,5.14E-15
ENSRNOG00000007896,Klhl38,13.3960034,4.323791149,0.575776705,7.509493016,5.94E-14,2.45E-13
ENSRNOG00000007918,Tbxas1,3.443500843,4.112477025,1.036809905,3.966471582,7.29E-05,0.000177117
ENSRNOG00000007923,Cgref1,1201.273678,2.791747102,0.057912941,48.20592837,0,0
ENSRNOG00000007947,Fam13a,58.02042666,2.919589386,0.227511869,12.83269043,1.08E-37,8.76E-37
ENSRNOG00000007955,Timp4,6.599653005,4.918168471,0.983714864,4.999587435,5.75E-07,1.64E-06
ENSRNOG00000007964,Tp53inp1,341.4869162,2.042373277,0.176126503,11.59605872,4.31E-31,3.01E-30
ENSRNOG00000007989,Chst1,54.53321832,2.942154777,0.263164976,11.1798873,5.12E-29,3.39E-28
ENSRNOG00000007999,Abra,4.763644513,2.587139957,0.874227508,2.95934403,0.003082947,0.006314103
ENSRNOG00000008057,Krt7,300.7908003,5.52657747,0.15130871,36.52517735,4.42E-292,3.57E-290
ENSRNOG00000008086,Dpf3,3.488661446,2.040182902,0.921666588,2.213580192,0.026857671,0.047811882
ENSRNOG00000008116,Plpp3,237.2528588,3.295941859,0.140053729,23.5334102,1.86E-122,4.44E-121
ENSRNOG00000008157,Syn2,1.901551948,4.784514251,1.78731679,2.676925702,0.007430111,0.014455831
ENSRNOG00000008373,Colec11,8.13567723,8.260891787,1.278651066,6.460630272,1.04E-10,3.72E-10
ENSRNOG00000008543,Pdlim2,1667.398563,2.051312063,0.082293683,24.92672576,3.82E-137,1.07E-135
ENSRNOG00000008591,Colec10,1.953331261,4.904060185,1.483926216,3.304787078,0.000950486,0.002067716
ENSRNOG00000008697,Ccn3,4085.93693,5.494683868,0.058420278,94.05439492,0,0
ENSRNOG00000008736,Slamf8,5.038917759,2.024311712,0.752639565,2.689616392,0.00715342,0.013958257
ENSRNOG00000008829,Sorbs3,1122.042593,2.317046439,0.065063492,35.61208214,9.11E-278,6.72E-276
ENSRNOG00000008837,Ass1,13.4304739,2.163191073,0.3955997,5.468131222,4.55E-08,1.40E-07
ENSRNOG00000008855,Gjb2,61.77541276,6.63367321,0.437546082,15.16108469,6.40E-52,6.76E-51
ENSRNOG00000008871,Sdr16c5,14.88330524,7.343922478,1.087663602,6.752016398,1.46E-11,5.40E-11
ENSRNOG00000008943,Penk,41032.20651,3.741117097,0.070987215,52.70128006,0,0
ENSRNOG00000008965,Socs2,63.56348285,2.810882332,0.24594037,11.42912135,2.99E-30,2.04E-29
ENSRNOG00000009005,Slco2a1,2057.587233,4.61366467,0.100870307,45.73858084,0,0
ENSRNOG00000009033,Cntn2,148.9601217,3.298240906,0.233715884,14.11218118,3.20E-45,2.99E-44
ENSRNOG00000009096,Pon3,2.368965089,2.586513046,1.022028259,2.530764706,0.011381417,0.021489147
ENSRNOG00000009118,Pou2f3,1.712399737,3.940511608,1.527936952,2.578975266,0.009909388,0.018914605
ENSRNOG00000009204,Il17re,570.1589358,4.635691583,0.09674483,47.91668527,0,0
ENSRNOG00000009219,Hepacam,6.508771463,3.080012037,0.697001596,4.418945461,9.92E-06,2.58E-05
ENSRNOG00000009311,Fstl3,920.0675066,2.3527375,0.066153437,35.56485636,4.90E-277,3.58E-275
ENSRNOG00000009528,Sdcbp2,56.22363123,4.171479861,0.258296398,16.14997305,1.14E-58,1.34E-57
ENSRNOG00000009565,Pdk4,93.57260241,3.285551819,0.185196033,17.74094055,2.03E-70,2.80E-69
ENSRNOG00000009589,Angptl7,27.03959032,3.767416968,0.382032794,9.861501501,6.11E-23,3.43E-22
ENSRNOG00000009646,Nyx,23.6240018,3.334679795,0.368216757,9.056295597,1.35E-19,6.83E-19
ENSRNOG00000009736,A4galt,2.179315178,5.128364258,1.458530044,3.516118353,0.000437906,0.000988546
ENSRNOG00000009779,Krt8,46.74924205,3.311013754,0.274800037,12.04881118,1.97E-33,1.46E-32
ENSRNOG00000009802,Fam124a,23.46635826,7.925131482,1.598021065,4.959341059,7.07E-07,2.00E-06
ENSRNOG00000009848,Il18,6.587992266,3.748019727,0.764578464,4.902073368,9.48E-07,2.66E-06
ENSRNOG00000009892,Adamts15,151.9150847,6.106674086,0.245614769,24.86281304,1.88E-136,5.24E-135
ENSRNOG00000009980,Plpp1,6191.125178,2.038690824,0.054368328,37.49776542,1.00E-307,8.61E-306
ENSRNOG00000010047,Ddit4l,76.23212171,3.822047164,0.230419276,16.58735861,8.60E-62,1.05E-60
ENSRNOG00000010107,Palldl1,6292.341964,2.153122,0.110818294,19.42930112,4.36E-84,7.13E-83
ENSRNOG00000010205,Mturn,90.49105916,4.419088116,0.237787677,18.58417632,4.32E-77,6.45E-76
ENSRNOG00000010302,Rasl10b,467.1517596,5.029601687,0.142233563,35.36156724,6.66E-274,4.78E-272
ENSRNOG00000010389,Ndrg2,783.6917055,5.857087239,0.109806115,53.34026482,0,0
ENSRNOG00000010478,LOC299282,265.0003183,11.52768135,1.024735813,11.24941786,2.33E-29,1.56E-28
ENSRNOG00000010517,Fam126a,1544.632734,2.991950119,0.141566394,21.13460711,3.82E-99,7.36E-98
ENSRNOG00000010655,Mttp,10.72307926,3.249403318,0.576023005,5.641099902,1.69E-08,5.32E-08
ENSRNOG00000010666,Ccn5,4664.329413,2.94658423,0.043403886,67.88756748,0,0
ENSRNOG00000010805,Fabp4,28.97621168,5.291391779,0.433641679,12.2022214,3.02E-34,2.29E-33
ENSRNOG00000010832,Pdgfrl,993.2869302,2.124539126,0.074427227,28.54518722,3.22E-179,1.28E-177
ENSRNOG00000010885,Zyg11a,5.438999352,6.791842517,1.339130417,5.07183052,3.94E-07,1.14E-06
ENSRNOG00000011068,Papss2,2101.292604,2.167733411,0.053521855,40.50183624,0,0
ENSRNOG00000011071,Nt5e,2254.600706,4.986556445,0.070846526,70.38533421,0,0
ENSRNOG00000011160,Sv2b,64.6214582,7.054212739,0.501091576,14.07769174,5.21E-45,4.86E-44
ENSRNOG00000011184,Slc13a4,14.91667932,8.171068013,1.228088037,6.653487182,2.86E-11,1.04E-10
ENSRNOG00000011263,Plac9,321.2301502,3.747847287,0.150667909,24.87488747,1.39E-136,3.89E-135
ENSRNOG00000011271,Mcc,1190.413512,2.648458108,0.208798774,12.68426082,7.23E-37,5.79E-36
ENSRNOG00000011475,Srcin1,4.817182468,3.251467255,0.748661667,4.343039586,1.41E-05,3.61E-05
ENSRNOG00000011478,Ackr4,269.6244353,2.516494288,0.103264199,24.36947472,3.60E-131,9.54E-130
ENSRNOG00000011521,Filip1,449.1717559,4.705212344,0.117728314,39.96670114,0,0
ENSRNOG00000011557,S100a8,8.638700967,8.419853828,1.274812719,6.604777078,3.98E-11,1.45E-10
ENSRNOG00000011648,Aqp1,31232.72447,2.944276313,0.028378215,103.7512856,0,0
ENSRNOG00000011649,Epb42,9.353740399,4.472106502,0.811465905,5.511145291,3.57E-08,1.10E-07
ENSRNOG00000011659,Alpk3,26.11304619,5.404524558,0.496821939,10.87819223,1.46E-27,9.35E-27
ENSRNOG00000011680,Il16,14.22558421,2.287746039,0.504235887,4.537055171,5.70E-06,1.52E-05
ENSRNOG00000011696,Lifr,361.8897554,4.020097977,0.190992698,21.04843809,2.36E-98,4.50E-97
ENSRNOG00000011750,Fam180a,65.91768425,10.38412927,1.18946326,8.730096698,2.54E-18,1.23E-17
ENSRNOG00000011800,F3,1381.362721,3.107709289,0.059509071,52.2224468,0,0
ENSRNOG00000011808,Ghrhr,12.81227239,3.193327674,0.481794387,6.627988533,3.40E-11,1.24E-10
ENSRNOG00000011815,Sgk1,3014.014209,3.029521869,0.050493997,59.99766381,0,0
ENSRNOG00000011882,Gab2,551.8537,2.070667406,0.108044188,19.16500496,7.25E-82,1.15E-80
ENSRNOG00000011907,Krt23,66.17536973,7.90473714,0.612748353,12.90046248,4.47E-38,3.68E-37
ENSRNOG00000011913,Cp,375.249862,4.270460549,0.118569415,36.01654398,4.61E-284,3.51E-282
ENSRNOG00000011946,Ptn,97.60324541,3.003608261,0.198416092,15.13792674,9.10E-52,9.58E-51
ENSRNOG00000011971,C1s,1413.693676,2.502279555,0.061594709,40.62491067,0,0
ENSRNOG00000012027,Bco1,22.28974532,9.802239676,1.2122489,8.085995933,6.17E-16,2.75E-15
ENSRNOG00000012036,Pcsk5,498.6901744,2.682923903,0.097425824,27.53811861,6.14E-167,2.21E-165
ENSRNOG00000012040,Slc25a48,13.06136608,8.063810121,1.238439316,6.511267863,7.45E-11,2.67E-10
ENSRNOG00000012060,Gucy1b1,157.4491379,5.637977653,0.236721464,23.81692632,2.23E-125,5.58E-124
ENSRNOG00000012109,Otulinl,21.93348305,3.338293223,0.372680172,8.957528405,3.32E-19,1.66E-18
ENSRNOG00000012183,Glrx,6080.453761,6.523988171,0.059576694,109.5057107,0,0
ENSRNOG00000012280,Ptx3,193.6384233,5.31130352,0.176501807,30.09206311,6.15E-199,2.87E-197
ENSRNOG00000012302,Gucy1a1,89.06029537,4.597852337,0.272434605,16.87690275,6.65E-64,8.32E-63
ENSRNOG00000012325,Adk,2700.04835,2.261553752,0.053837172,42.00729095,0,0
ENSRNOG00000012344,Slc7a9,1.793668988,4.61682501,1.57540253,2.930568488,0.003383424,0.006893939
ENSRNOG00000012364,Prickle2,1453.798887,2.965046012,0.125082839,23.70465872,3.23E-124,7.85E-123
ENSRNOG00000012584,Aamdc,65.46141801,2.139270262,0.18289834,11.69649906,1.33E-31,9.44E-31
ENSRNOG00000012663,Mfsd6,25.58000307,2.030367866,0.317383886,6.397198971,1.58E-10,5.60E-10
ENSRNOG00000012686,Pomc,3.439155094,2.570501894,0.954980925,2.691678782,0.007109338,0.013883857
ENSRNOG00000012719,Tdrd12,8.751080293,2.93056361,0.561389793,5.220193963,1.79E-07,5.29E-07
ENSRNOG00000012795,Cables1,1189.163411,6.402673739,0.114661535,55.83976984,0,0
ENSRNOG00000012818,Ksr1,667.4154036,2.92517065,0.126996916,23.03339904,2.16E-117,4.96E-116
ENSRNOG00000012956,Tgm2,1762.365921,5.987510489,0.089400465,66.97404196,0,0
ENSRNOG00000012961,unkown,3.489522711,2.68472552,1.163250753,2.307950812,0.021001872,0.038066531
ENSRNOG00000013017,Arnt2,317.8230917,4.189914929,0.119484065,35.06672571,2.17E-269,1.52E-267
ENSRNOG00000013024,Csgalnact1,2319.398903,3.735967276,0.06166972,60.58025335,0,0
ENSRNOG00000013042,Htr1b,5.029471511,5.773418314,1.236975498,4.667366752,3.05E-06,8.27E-06
ENSRNOG00000013116,Spink5,3.305821827,5.998217845,1.415925808,4.236251512,2.27E-05,5.75E-05
ENSRNOG00000013172,Nr1h3,160.4102563,2.587050348,0.125083817,20.68253448,4.98E-95,9.13E-94
ENSRNOG00000013179,Tinagl1,353.4223891,2.111185744,0.096842618,21.8001721,2.31E-105,4.76E-104
ENSRNOG00000013279,LOC681458,12.69939622,2.199909521,0.458139361,4.80183479,1.57E-06,4.35E-06
ENSRNOG00000013309,Pik3ap1,10.50238549,2.711889778,0.612008434,4.431131379,9.37E-06,2.45E-05
ENSRNOG00000013328,Rbpms,37.57299351,5.436741506,0.418978196,12.97619199,1.67E-38,1.38E-37
ENSRNOG00000013426,Mrgprf,147.3745759,3.60975623,0.184040535,19.61391944,1.18E-85,1.96E-84
ENSRNOG00000013541,Sh2d4a,26.27146088,4.087958865,0.397872879,10.2745351,9.18E-25,5.44E-24
ENSRNOG00000013552,Scd,128.4350868,2.511558522,0.172314755,14.57541187,4.03E-48,3.97E-47
ENSRNOG00000013555,Ankrd55,13.61044582,5.469155318,0.682467454,8.013796534,1.11E-15,4.91E-15
ENSRNOG00000013566,LOC690206,1.546766383,3.813038054,1.701308686,2.241238222,0.025010648,0.044788742
ENSRNOG00000013707,Spata13,751.5895116,3.198699294,0.09695362,32.99205621,1.06E-238,6.12E-237
ENSRNOG00000013742,Large1,5438.130897,2.092095694,0.054704617,38.24349429,0,0
ENSRNOG00000013862,Dusp2,27.19972878,2.60359572,0.331974578,7.842756325,4.41E-15,1.90E-14
ENSRNOG00000013886,Fyb1,3.705651964,2.423158992,0.880290726,2.752680361,0.005910958,0.011646859
ENSRNOG00000013963,Il6st,7148.346593,2.055612978,0.135270031,15.19636661,3.74E-52,3.96E-51
ENSRNOG00000014030,Synm,813.8761217,4.424220485,0.10201134,43.3698889,0,0
ENSRNOG00000014037,Dcun1d3,910.4316417,2.243235986,0.085305379,26.2965361,2.10E-152,6.71E-151
ENSRNOG00000014090,Retsat,3271.693683,2.030285993,0.042984844,47.23260145,0,0
ENSRNOG00000014149,Npy1r,86.80271003,2.164309088,0.229981889,9.410780534,4.92E-21,2.60E-20
ENSRNOG00000014182,Tns1,9063.622426,2.548345686,0.179341137,14.20948769,8.00E-46,7.58E-45
ENSRNOG00000014215,Klf9,2002.51267,3.203492079,0.090630635,35.34668042,1.13E-273,8.06E-272
ENSRNOG00000014314,Slc39a4,16.43576339,2.100396255,0.34634877,6.064396453,1.32E-09,4.45E-09
ENSRNOG00000014378,Il1r2,36.79413214,7.621672917,0.753424302,10.11604338,4.69E-24,2.72E-23
ENSRNOG00000014398,Scara5,1917.042424,7.736331509,0.120778661,64.05379413,0,0
ENSRNOG00000014532,Lbp,216.6777779,6.854921037,0.273465822,25.06682918,1.14E-138,3.25E-137
ENSRNOG00000014549,Arhgef26,37.568002,2.556633838,0.310999153,8.220709982,2.02E-16,9.20E-16
ENSRNOG00000014684,Npr1,9.216683766,2.401894581,0.51265865,4.685173225,2.80E-06,7.61E-06
ENSRNOG00000014723,Cbfa2t3,2.474035876,2.490001653,0.978389635,2.545000034,0.010927773,0.020689148
ENSRNOG00000014851,Col4a4,26.38972432,3.16295251,0.373690298,8.464101218,2.58E-17,1.21E-16
ENSRNOG00000014867,Synpo2,70.77250857,3.81059568,0.218386083,17.44889428,3.51E-68,4.69E-67
ENSRNOG00000014907,Aldh8a1,12.21739468,3.002552785,0.51972681,5.777175099,7.60E-09,2.44E-08
ENSRNOG00000014956,Slc11a1,24.81654415,2.44555883,0.353918088,6.90995717,4.85E-12,1.84E-11
ENSRNOG00000015033,Mxd4,5509.823832,2.724491512,0.040564982,67.16363118,0,0
ENSRNOG00000015035,Myo7b,2.745632668,5.529801246,1.456245241,3.797300819,0.00014628,0.000345649
ENSRNOG00000015036,Ccn2,125266.2654,2.003795969,0.03246086,61.72960269,0,0
ENSRNOG00000015051,Golga7b,3.223354315,3.701414987,0.974824694,3.79700577,0.000146454,0.000346017
ENSRNOG00000015075,Stc1,280.2548071,5.986827214,0.184118067,32.51623976,6.29E-232,3.52E-230
ENSRNOG00000015078,Ifitm3,5228.651036,2.440583111,0.0707407,34.50040947,7.91E-261,5.31E-259
ENSRNOG00000015084,Necab2,16.87217998,6.845726167,0.903134911,7.579959633,3.46E-14,1.44E-13
ENSRNOG00000015156,Gal,1.500341524,4.241252076,1.627326786,2.606269442,0.009153442,0.017565121
ENSRNOG00000015159,Slc9a3,7.833478489,5.279669249,0.885117577,5.964935493,2.45E-09,8.10E-09
ENSRNOG00000015184,Clic3,7.565284227,2.721916653,0.645721276,4.215312012,2.49E-05,6.30E-05
ENSRNOG00000015222,unkown,219.7211243,7.213983537,0.280668022,25.7029051,1.08E-145,3.25E-144
ENSRNOG00000015310,Lrrc32,644.3769131,6.239380931,0.127465591,48.94953137,0,0
ENSRNOG00000015354,Aox1,540.6900025,2.155163739,0.118420708,18.19921344,5.24E-74,7.54E-73
ENSRNOG00000015365,Col4a3,403.8465781,3.06338115,0.16142838,18.9767199,2.66E-80,4.11E-79
ENSRNOG00000015406,Pgm5,2761.750394,2.665526342,0.049625195,53.71316636,0,0
ENSRNOG00000015410,Aspn,1452.95311,2.681267668,0.066523805,40.30538652,0,0
ENSRNOG00000015411,Apobec1,9.902628971,5.126330963,0.778074393,6.588484354,4.44E-11,1.61E-10
ENSRNOG00000015505,Mfap5,4309.548805,4.54879902,0.067460112,67.42946118,0,0
ENSRNOG00000015566,Atp6v1e2,12.18886415,2.836258923,0.522690135,5.426272155,5.75E-08,1.75E-07
ENSRNOG00000015577,Lpar6,168.0890775,2.831267814,0.13701891,20.66333634,7.41E-95,1.35E-93
ENSRNOG00000015654,Ghr,353.0695766,2.13687236,0.101556179,21.04128361,2.75E-98,5.22E-97
ENSRNOG00000015658,Sorbs1,1680.682546,2.247174495,0.145691133,15.42423653,1.12E-53,1.22E-52
ENSRNOG00000015695,Sult5a1,136.3627686,2.366531328,0.136919949,17.28405063,6.20E-67,8.14E-66
ENSRNOG00000015724,Gucy2g,1.82996369,2.932445966,1.207437171,2.428653047,0.015155027,0.028093861
ENSRNOG00000015736,Dhrs3,722.3013314,3.616371253,0.083951658,43.07682933,0,0
ENSRNOG00000015880,Dpep1,913.9645792,5.90271235,0.105953851,55.71022001,0,0
ENSRNOG00000015904,Wfdc1,2847.047061,3.860116594,0.05640053,68.44113995,0,0
ENSRNOG00000015972,Ano5,71.16948874,2.567583023,0.199388152,12.87730989,6.04E-38,4.95E-37
ENSRNOG00000016021,Lims2,1474.010362,4.708829567,0.073928683,63.69421649,0,0
ENSRNOG00000016091,Tmem169,70.06745564,4.818677663,0.295424453,16.31103183,8.24E-60,9.80E-59
ENSRNOG00000016099,Id4,875.2059883,2.215451024,0.085649606,25.86644737,1.59E-147,4.84E-146
ENSRNOG00000016281,Col4a1,2012.600969,3.57072858,0.108974562,32.76662461,1.76E-235,1.00E-233
ENSRNOG00000016331,unkown,1.027861775,3.760005527,1.618318134,2.323403198,0.020157502,0.036653576
ENSRNOG00000016351,Frrs1,1072.534638,2.511846968,0.057135727,43.96280729,0,0
ENSRNOG00000016366,Colec12,778.519073,2.837984392,0.088098212,32.21387051,1.13E-227,6.21E-226
ENSRNOG00000016378,Map3k8,35.05175772,2.191127567,0.311111182,7.042908427,1.88E-12,7.28E-12
ENSRNOG00000016413,Pstpip1,5.476506992,2.9960534,0.724191809,4.137099267,3.52E-05,8.78E-05
ENSRNOG00000016494,Tmem204,676.2888366,3.446807191,0.087959231,39.18641821,0,0
ENSRNOG00000016538,Itga8,3091.209013,4.113440528,0.094203707,43.66537877,0,0
ENSRNOG00000016623,Tmeff2,935.8951267,3.711671595,0.070720989,52.48331015,0,0
ENSRNOG00000016625,Slc22a2,9.834924702,2.769389622,0.557245674,4.969782179,6.70E-07,1.90E-06
ENSRNOG00000016628,Scgn,4.634953187,2.864220911,0.803789975,3.563394669,0.00036609,0.000833484
ENSRNOG00000016695,Mmp2,15898.23993,2.096107953,0.026845097,78.08159369,0,0
ENSRNOG00000016752,Crispld2,19339.82403,7.90038626,0.061232427,129.0229157,0,0
ENSRNOG00000016756,Ptgir,97.09684268,3.569597422,0.183985792,19.40148416,7.50E-84,1.22E-82
ENSRNOG00000016769,Rab38,3.247707332,5.364117757,1.350451586,3.972091865,7.12E-05,0.000173169
ENSRNOG00000016950,Otud1,164.8322896,2.521604505,0.136155541,18.52002854,1.42E-76,2.12E-75
ENSRNOG00000017048,Prl8a2,1.815018237,6.195793461,2.499304024,2.479007516,0.013174853,0.024636011
ENSRNOG00000017072,Slc16a14,840.9260066,2.318591844,0.087323822,26.55165327,2.46E-155,8.05E-154
ENSRNOG00000017073,Ca9,474.9929612,2.752029886,0.095254613,28.89130314,1.54E-183,6.27E-182
ENSRNOG00000017089,Prl6a1,3.154632831,4.467123065,1.278630634,3.493677491,0.000476416,0.001071721
ENSRNOG00000017198,Hif3a,54.16937607,9.233329202,1.036922596,8.9045501,5.36E-19,2.66E-18
ENSRNOG00000017212,Spsb1,1789.130078,2.138965358,0.047140317,45.37443712,0,0
ENSRNOG00000017226,Slc2a4,22.00035966,2.547338652,0.39245381,6.490798625,8.54E-11,3.05E-10
ENSRNOG00000017307,Prss23,42223.44299,2.170098526,0.029952579,72.45114125,0,0
ENSRNOG00000017311,Me3,135.2042259,3.054446251,0.173733188,17.58124795,3.43E-69,4.65E-68
ENSRNOG00000017477,Mmp23,232.0742826,2.783652274,0.115707971,24.05756709,6.96E-128,1.77E-126
ENSRNOG00000017484,Gja5,1915.81174,6.299067632,0.091738419,68.663355,0,0
ENSRNOG00000017525,Epha1,43.89625478,2.701428005,0.255586941,10.56950717,4.13E-26,2.55E-25
ENSRNOG00000017625,Htr2b,23.6195311,5.465983937,0.640297999,8.536625043,1.38E-17,6.54E-17
ENSRNOG00000017684,Fbxl22,180.4963258,2.386777701,0.149665452,15.94741922,2.97E-57,3.43E-56
ENSRNOG00000017693,Slc2a5,38.55557264,3.257446305,0.318838077,10.21661633,1.67E-24,9.81E-24
ENSRNOG00000017767,Irag1,1308.913328,3.205174741,0.113662682,28.19900679,6.01E-175,2.30E-173
ENSRNOG00000017783,Sfrp1,7.384993567,4.136250527,0.701608479,5.895382758,3.74E-09,1.22E-08
ENSRNOG00000017808,Klf15,436.9247914,7.51396616,0.219130629,34.28989461,1.11E-257,7.35E-256
ENSRNOG00000017819,Cd14,642.5102213,3.167957822,0.101831304,31.10986204,1.77E-212,8.94E-211
ENSRNOG00000017933,Ccdc3,1.227334324,4.998610929,1.943067506,2.572535908,0.010095648,0.019232751
ENSRNOG00000017959,Cfap100,238.7249456,3.821289313,0.130391596,29.30625472,8.63E-189,3.72E-187
ENSRNOG00000018126,Abca1,745.9993195,2.775497891,0.129210976,21.48035694,2.38E-102,4.75E-101
ENSRNOG00000018233,Gas6,16861.36549,3.617513683,0.03512928,102.9771653,0,0
ENSRNOG00000018266,Slc23a3,9.10759467,2.104501982,0.546785787,3.848860071,0.000118669,0.000282588
ENSRNOG00000018282,Gda,5111.485389,3.299291261,0.111820877,29.50514566,2.47E-191,1.09E-189
ENSRNOG00000018338,Vwa1,589.877958,2.199214647,0.076081393,28.90607771,1.00E-183,4.10E-182
ENSRNOG00000018346,Agtr1a,32.52175702,8.390528597,1.06228515,7.898565274,2.82E-15,1.23E-14
ENSRNOG00000018494,Ppp1r3c,512.1346245,2.932076767,0.095628001,30.66127837,1.87E-206,9.16E-205
ENSRNOG00000018644,Slc6a7,40.00455435,4.636516537,0.424831926,10.91376671,9.91E-28,6.35E-27
ENSRNOG00000018700,Mobp,1.207177838,3.582217539,1.613858138,2.219660734,0.026441806,0.047144633
ENSRNOG00000018706,Il15ra,15.5514562,7.422415816,1.080195575,6.871362918,6.36E-12,2.40E-11
ENSRNOG00000018740,Ugt1a3,1008.103448,3.289189225,0.073030008,45.03887255,0,0
ENSRNOG00000018854,Nppc,7.423028881,7.248348515,1.306310826,5.548716562,2.88E-08,8.93E-08
ENSRNOG00000018859,Pik3ip1,354.9020381,2.560848228,0.099922905,25.62824029,7.39E-145,2.20E-143
ENSRNOG00000018911,Pfkfb3,1845.796082,3.636047233,0.072969832,49.82945891,0,0
ENSRNOG00000018915,Tagap,3.015192031,2.519021209,0.986367441,2.553836536,0.010654326,0.020218624
ENSRNOG00000018937,Gstm7,2709.026923,2.521270741,0.065721442,38.36298587,0,0
ENSRNOG00000018940,Slc28a1,10.54270593,4.838856884,0.696375317,6.948633544,3.69E-12,1.41E-11
ENSRNOG00000018951,Col4a5,2612.704824,2.338691547,0.068128569,34.32761899,3.04E-258,2.02E-256
ENSRNOG00000019009,Arrdc2,164.3198062,3.661265081,0.162472159,22.53472287,1.90E-112,4.18E-111
ENSRNOG00000019058,Gstm3,2.133926013,4.779404438,1.468624839,3.254339917,0.001136562,0.002453238
ENSRNOG00000019305,Sh3tc2,81.08758975,2.500130557,0.232903973,10.73459814,7.00E-27,4.40E-26
ENSRNOG00000019342,Sult1a1,256.303493,7.343987299,0.270473025,27.15238352,2.37E-162,8.29E-161
ENSRNOG00000019372,Pc,435.518792,2.371977428,0.080455403,29.48189092,4.91E-191,2.16E-189
ENSRNOG00000019486,Trpv1,10.55850644,2.043573774,0.555066987,3.681670542,0.000231711,0.00053791
ENSRNOG00000019659,Aspa,26.78395362,3.666395169,0.384630867,9.532243719,1.54E-21,8.27E-21
ENSRNOG00000019718,Galnt15,1.871928532,4.093064228,1.768211027,2.314805283,0.020623591,0.03743907
ENSRNOG00000019721,Ypel3,994.4404762,2.386243994,0.070234351,33.97545442,5.13E-253,3.26E-251
ENSRNOG00000019902,Folr1,25.03389622,2.147093854,0.32480524,6.610403987,3.83E-11,1.39E-10
ENSRNOG00000019926,Ramp1,1458.471194,3.347220166,0.091449633,36.6017891,2.68E-293,2.20E-291
ENSRNOG00000020025,Slc29a2,679.3460624,2.301733924,0.085926308,26.78730169,4.54E-158,1.54E-156
ENSRNOG00000020030,Crlf1,2338.419599,3.094650861,0.073280017,42.23048773,0,0
ENSRNOG00000020197,Cd248,4642.639197,2.124025244,0.054808789,38.75336916,0,0
ENSRNOG00000020246,Myl9,8291.225745,2.562490861,0.052560373,48.75328496,0,0
ENSRNOG00000020305,unkown,36.64920339,8.076231033,0.868604811,9.297934954,1.43E-20,7.47E-20
ENSRNOG00000020349,Rab3il1,125.08005,2.319302916,0.170930984,13.56865125,6.14E-42,5.44E-41
ENSRNOG00000020425,Stim1,1508.168293,2.131488449,0.058711606,36.30437965,1.38E-288,1.09E-286
ENSRNOG00000020434,Ascl2,7.899197779,3.588999957,0.699985873,5.127246268,2.94E-07,8.57E-07
ENSRNOG00000020440,Fads2,678.9328512,2.120295452,0.098631187,21.49721112,1.65E-102,3.31E-101
ENSRNOG00000020456,Nucb2,6744.189656,2.241352552,0.029029887,77.20844889,0,0
ENSRNOG00000020562,Slc22a18,255.2632969,2.644056724,0.118891839,22.23917759,1.44E-109,3.08E-108
ENSRNOG00000020579,Col7a1,203.0234585,4.581458443,0.159461942,28.73073276,1.58E-181,6.34E-180
ENSRNOG00000020585,Tbxa2r,421.7318142,3.175529091,0.113633356,27.94539552,7.50E-172,2.80E-170
ENSRNOG00000020621,Dcst1,11.39828708,3.156753956,0.665951535,4.740215754,2.13E-06,5.86E-06
ENSRNOG00000020733,Camp,1.619779366,4.920835244,1.750800921,2.81061952,0.004944622,0.00984913
ENSRNOG00000020904,Cdc42ep2,286.9824581,3.124301374,0.116535105,26.80995879,2.47E-158,8.39E-157
ENSRNOG00000020948,Pth1r,27.5472477,2.19335935,0.393748708,5.570454725,2.54E-08,7.92E-08
ENSRNOG00000020989,Tm7sf2,251.8732426,2.250608506,0.107767044,20.88401456,7.48E-97,1.40E-95
ENSRNOG00000020998,AABR07006283.1,2.566163566,3.002331882,1.111066352,2.702207548,0.006888075,0.013475727
ENSRNOG00000021086,Dtx4,103.1745594,4.648145959,0.229412186,20.26111187,2.83E-91,5.00E-90
ENSRNOG00000021098,Rasgrp2,45.82242362,4.629031945,0.320161589,14.45842382,2.22E-47,2.16E-46
ENSRNOG00000021198,unkown,2.848170505,2.172040957,0.975355898,2.226921436,0.025952525,0.046324289
ENSRNOG00000021201,Txnip,2283.857522,2.089114911,0.05503332,37.96091037,0,0
ENSRNOG00000021261,Rassf2,247.432058,5.806863451,0.197224321,29.44293797,1.55E-190,6.79E-189
ENSRNOG00000021318,Epas1,3312.115073,10.77045927,0.228822486,47.06905981,0,0
ENSRNOG00000021323,Ca13,338.0335085,4.278644297,0.119127197,35.91660352,1.68E-282,1.27E-280
ENSRNOG00000021355,Ca6,14.69521368,2.316411899,0.452645855,5.117492786,3.10E-07,9.01E-07
ENSRNOG00000021384,Ankrd44,464.848431,2.839448673,0.144558813,19.64216931,6.75E-86,1.12E-84
ENSRNOG00000021403,unkown,15757.8172,2.781997531,0.027933056,99.59517157,0,0
ENSRNOG00000021468,Grm8,1.670062419,3.7395975,1.567998564,2.384949569,0.017081463,0.031443237
ENSRNOG00000021524,Mrap,1.694832954,4.062829907,1.613614176,2.517844703,0.011807537,0.022237448
ENSRNOG00000021589,Nexmif,32.90905526,3.65554976,0.345633539,10.57637454,3.84E-26,2.37E-25
ENSRNOG00000021657,Pld6,7.839157229,5.205288161,0.944515733,5.511065597,3.57E-08,1.10E-07
ENSRNOG00000021714,Cibar2,3.785388175,3.888864944,1.239502852,3.137439288,0.001704306,0.003608572
ENSRNOG00000021719,Slfn5,1333.963612,2.947197383,0.087039653,33.86039897,2.55E-251,1.60E-249
ENSRNOG00000021840,Cped1,582.6625077,3.227597658,0.083147101,38.81792175,0,0
ENSRNOG00000021919,Rhoj,3706.352936,2.625428438,0.043826323,59.90528721,0,0
ENSRNOG00000021924,Cyp2c22,13.26714759,8.077815798,1.254306058,6.440067596,1.19E-10,4.25E-10
ENSRNOG00000022067,Tlr5,463.3869927,2.212099973,0.127336119,17.37213283,1.34E-67,1.78E-66
ENSRNOG00000022081,Ddi1,1.2953396,5.270140519,2.054942141,2.564617472,0.010328961,0.019633127
ENSRNOG00000022239,Trarg1,20.28732677,8.67603552,1.213912387,7.1471678,8.86E-13,3.48E-12
ENSRNOG00000022432,Tmem59l,42.68705555,2.079851994,0.33075216,6.28824916,3.21E-10,1.12E-09
ENSRNOG00000022523,Fkbp5,6432.515906,3.726031154,0.041581187,89.60858093,0,0
ENSRNOG00000022636,Alpk1,257.7146084,2.05208025,0.121758866,16.85364132,9.86E-64,1.23E-62
ENSRNOG00000022673,Slc22a20,13.18422872,2.438878568,0.566913268,4.302031202,1.69E-05,4.32E-05
ENSRNOG00000022737,LOC691970,3.760118376,3.953005297,1.02866564,3.842847612,0.000121615,0.000289308
ENSRNOG00000022760,Rubcnl,8.871563033,3.43234862,0.578073975,5.937559501,2.89E-09,9.54E-09
ENSRNOG00000022822,Fam169b,215.7967712,6.490334457,0.226020242,28.71572209,2.43E-181,9.72E-180
ENSRNOG00000023116,Agmo,37.39877725,3.599302936,0.298632858,12.05260185,1.88E-33,1.39E-32
ENSRNOG00000023148,Col11a1,24800.39659,2.748849274,0.084491659,32.53397195,3.53E-232,1.98E-230
ENSRNOG00000023151,Scgb2a1,49.67236906,4.608659319,0.335429874,13.73956132,5.88E-43,5.31E-42
ENSRNOG00000023214,Il20rb,63.55922468,3.638427659,0.218043359,16.68671624,1.64E-62,2.02E-61
ENSRNOG00000023257,Adamts9,600.1979179,4.275642372,0.104758156,40.81441039,0,0
ENSRNOG00000023566,Vwa3b,31.61050879,2.135034847,0.336834863,6.338520974,2.32E-10,8.14E-10
ENSRNOG00000023643,Mmp17,118.7385126,3.195859691,0.169071544,18.90241033,1.09E-79,1.68E-78
ENSRNOG00000023686,Upk3b,3.291811743,2.780120042,0.949509862,2.927952783,0.003412019,0.00694762
ENSRNOG00000023803,Cmya5,32.62145446,2.708902808,0.30954909,8.751125083,2.11E-18,1.03E-17
ENSRNOG00000023828,LOC680875,3.232013232,2.954472467,1.148695817,2.572023353,0.010110607,0.019255351
ENSRNOG00000023972,Col4a2,1866.853222,3.204040679,0.136400636,23.48992474,5.17E-122,1.24E-120
ENSRNOG00000024082,Gldn,13291.60312,2.326798789,0.047692018,48.7880126,0,0
ENSRNOG00000024435,Galnt17,1309.281494,2.119017999,0.10542027,20.1006695,7.28E-90,1.26E-88
ENSRNOG00000024602,Plekha7,1068.157652,3.069885832,0.12917633,23.7650801,7.67E-125,1.90E-123
ENSRNOG00000024651,Greb1,125.8918152,4.5101138,0.219216092,20.57382634,4.71E-94,8.52E-93
ENSRNOG00000024689,Hopx,99.90244725,4.251139382,0.273632433,15.53594851,1.98E-54,2.18E-53
ENSRNOG00000024705,Rarres2,324.4366678,3.078560963,0.137917715,22.32172247,2.27E-110,4.90E-109
ENSRNOG00000025074,Fgg,1.272208591,5.419570883,1.77152307,3.059271975,0.002218756,0.004619727
ENSRNOG00000025360,Exd1,8.718161647,2.049718637,0.506659563,4.045554031,5.22E-05,0.000128434
ENSRNOG00000025415,Ntmt2,14.1631693,2.761429974,0.434018773,6.362466664,1.99E-10,6.99E-10
ENSRNOG00000025476,Tmem252,98.21377366,4.910840814,0.234632426,20.92993237,2.86E-97,5.37E-96
ENSRNOG00000025502,Arhgef37,43.37054599,3.425461256,0.332490978,10.30241867,6.87E-25,4.09E-24
ENSRNOG00000025597,Rnase6,3.046859824,3.290078748,1.07506286,3.060359417,0.002210715,0.004606068
ENSRNOG00000025625,Rnase4,105.5585538,2.512479547,0.167971819,14.95774443,1.39E-50,1.43E-49
ENSRNOG00000025689,Abhd1,258.0465225,2.047639226,0.121059595,16.91430753,3.53E-64,4.44E-63
ENSRNOG00000025726,Prr30,2.018817821,2.887138263,1.205145752,2.395675591,0.016589766,0.030598501
ENSRNOG00000025736,Tcf23,149.1300053,9.077065457,0.722496519,12.56347294,3.35E-36,2.65E-35
ENSRNOG00000025745,unkown,3.352788022,2.955614676,1.068970574,2.764916778,0.005693732,0.011238104
ENSRNOG00000025868,Klhl33,1.256611972,4.778077874,1.666731335,2.866735492,0.004147295,0.008344676
ENSRNOG00000025994,Krt80,56.22149181,3.370042418,0.237940842,14.16336256,1.54E-45,1.45E-44
ENSRNOG00000026039,Tspan32,1.397971679,3.816215084,1.623824063,2.350140739,0.018766314,0.034321221
ENSRNOG00000026087,Igfn1,6.004288193,2.443136929,0.662282489,3.688965011,0.000225168,0.000523569
ENSRNOG00000026302,unkown,84.11915693,2.039926349,0.168343676,12.11762984,8.52E-34,6.37E-33
ENSRNOG00000026328,Gpr137c,1.418698112,4.037086426,1.583688974,2.549166214,0.010798082,0.02046853
ENSRNOG00000026336,Tmem255b,0.921561572,4.65412267,1.907087145,2.440435238,0.014669576,0.027239953
ENSRNOG00000026344,Togaram2,3.977484432,4.338225701,1.013046416,4.2823563,1.85E-05,4.71E-05
ENSRNOG00000026455,Gpd1l,1388.833008,2.085014182,0.058027251,35.93163779,9.80E-283,7.43E-281
ENSRNOG00000026523,RGD1309106,2.335592432,5.136391736,1.419533458,3.618366096,0.000296469,0.00068121
ENSRNOG00000026573,Ophn1,161.6435575,2.002223549,0.129802385,15.42516767,1.11E-53,1.20E-52
ENSRNOG00000026705,Dgki,1.912416074,3.731017721,1.69825344,2.196973451,0.028022342,0.049690859
ENSRNOG00000026941,Tril,172.9953946,7.41230524,0.337872686,21.93816055,1.12E-106,2.35E-105
ENSRNOG00000026953,Gpr88,14.30148092,4.09191718,0.572832433,7.143305694,9.11E-13,3.57E-12
ENSRNOG00000026965,Tmem140,82.28902792,4.02513334,0.237544233,16.94477402,2.10E-64,2.66E-63
ENSRNOG00000027030,Adm,647.9453266,5.19827373,0.117395509,44.28000485,0,0
ENSRNOG00000027259,Faxdc2,247.0088397,2.849240699,0.13981584,20.37852572,2.59E-92,4.62E-91
ENSRNOG00000027331,Ppef1,26.70169206,2.319540412,0.289822136,8.003323837,1.21E-15,5.34E-15
ENSRNOG00000027380,Upk1b,5.460905719,4.340133426,0.98433543,4.409201676,1.04E-05,2.70E-05
ENSRNOG00000027520,Pls3,25385.7113,2.433412055,0.033597511,72.42834236,0,0
ENSRNOG00000027592,Rerg,3.878506527,3.983985936,0.957854755,4.159279802,3.19E-05,7.99E-05
ENSRNOG00000027697,Nmnat2,9.655665166,2.253484568,0.612466618,3.679359009,0.000233821,0.000542674
ENSRNOG00000027730,Nxpe1,3.461520743,3.977959763,1.239408709,3.209562539,0.001329371,0.002846691
ENSRNOG00000027739,Cndp1,49.52846847,2.041870482,0.219802907,9.289551743,1.55E-20,8.08E-20
ENSRNOG00000027742,Adamtsl2,181.9586586,4.66807025,0.180788808,25.820571,5.21E-147,1.58E-145
ENSRNOG00000027770,Trpm3,71.60079024,4.779004551,0.264837919,18.04501623,8.63E-73,1.23E-71
ENSRNOG00000027799,Tmie,5.785355598,2.971662493,0.923714758,3.217078071,0.001295034,0.002776985
ENSRNOG00000028064,Fhad1,21.06513289,2.993730821,0.373556705,8.014126846,1.11E-15,4.90E-15
ENSRNOG00000028261,Tppp,5.484940785,2.007556639,0.861845757,2.329368825,0.019839535,0.03612468
ENSRNOG00000028390,Hhipl1,547.3161422,3.316662771,0.087198326,38.03585384,0,0
ENSRNOG00000028426,Mcf2l,384.2667364,2.393104381,0.106175127,22.53921847,1.71E-112,3.78E-111
ENSRNOG00000028598,Edar,29.19058787,5.492447317,0.483626956,11.35678491,6.86E-30,4.63E-29
ENSRNOG00000028622,Pnpla1,3.592752497,2.655434573,0.971561971,2.733160263,0.00627298,0.012325346
ENSRNOG00000028668,Slc28a2,478.3941597,3.609647891,0.091285222,39.54252206,0,0
ENSRNOG00000028774,Vgll3,3297.056008,2.794385648,0.073084201,38.23515369,0,0
ENSRNOG00000028841,Mt1m,34.63976108,4.053963558,0.311336712,13.02115492,9.28E-39,7.71E-38
ENSRNOG00000028845,Ebf1,1562.62181,2.156649641,0.071222573,30.28042305,2.08E-201,9.83E-200
ENSRNOG00000028865,Kprp,48.82265051,3.498893792,0.258865614,13.51625553,1.25E-41,1.10E-40
ENSRNOG00000028891,Cyp2t1,37.50631433,2.654464974,0.2673275,9.929636766,3.09E-23,1.76E-22
ENSRNOG00000028896,A2m,4.020277254,2.935814318,0.928681591,3.161271148,0.001570822,0.003339966
ENSRNOG00000029047,Cubn,74.989621,3.256222191,0.21345667,15.25472216,1.53E-52,1.63E-51
ENSRNOG00000029078,Hmgn5,668.6971784,2.866664161,0.099797961,28.72467666,1.88E-181,7.53E-180
ENSRNOG00000029079,Hspb7,14549.4583,3.10300601,0.039464807,78.62716724,0,0
ENSRNOG00000029148,Pdgfd,130.1208245,4.121463644,0.178666163,23.06795856,9.71E-118,2.24E-116
ENSRNOG00000029191,LOC685067,3.790961773,3.809692495,1.218287529,3.127088151,0.00176547,0.003732148
ENSRNOG00000029212,Vcan,21795.34604,2.242319023,0.117667342,19.05642618,5.81E-81,9.10E-80
ENSRNOG00000029292,unkown,4.587667393,2.681815848,0.736310728,3.642233838,0.000270282,0.00062342
ENSRNOG00000029342,Scn7a,25.02903516,4.775198913,0.502897621,9.495369856,2.19E-21,1.17E-20
ENSRNOG00000029590,Spatc1,4.992213589,2.429982842,0.92871732,2.616493511,0.008883805,0.017072277
ENSRNOG00000029597,AABR07030544.1,212.2305474,2.393187107,0.157405664,15.20394533,3.33E-52,3.53E-51
ENSRNOG00000029598,Robo2,243.7502196,6.483449205,0.212869175,30.45743562,9.55E-204,4.58E-202
ENSRNOG00000029763,AABR07033236.1,9.369436611,5.236469214,0.819309478,6.391320198,1.64E-10,5.82E-10
ENSRNOG00000029792,Ogn,6521.013346,3.076607515,0.064966668,47.35670777,0,0
ENSRNOG00000029911,Cilp,8177.327698,2.125643933,0.074599409,28.49411242,1.39E-178,5.46E-177
ENSRNOG00000029980,Zbtb16,287.2514879,12.538817,1.181411842,10.61341739,2.58E-26,1.61E-25
ENSRNOG00000030111,Cyp11b2,449.6320272,2.921604549,0.189011769,15.45726264,6.74E-54,7.33E-53
ENSRNOG00000030155,Bmp8a,22.94033471,2.983810674,0.352129557,8.473616081,2.38E-17,1.12E-16
ENSRNOG00000030363,Psma8,2.254157886,4.393164627,1.507617417,2.913978425,0.003568546,0.007246606
ENSRNOG00000030889,Cldn22,3.01223901,2.513722944,1.014565371,2.477635268,0.013225627,0.024718569
ENSRNOG00000031163,Nfkbiz,298.4681339,2.437582065,0.109213647,22.31939079,2.40E-110,5.16E-109
ENSRNOG00000031348,Tmem232,1.480492023,5.546474285,1.803220571,3.075871234,0.002098885,0.004391701
ENSRNOG00000031710,unkown,4.637711888,2.301828744,0.710291611,3.240681305,0.001192444,0.002566733
ENSRNOG00000031716,Ecm2,53.82215982,3.25353002,0.274047871,11.87212297,1.65E-32,1.20E-31
ENSRNOG00000031971,Prss42,4.532569772,6.408143497,1.367877024,4.684736553,2.80E-06,7.63E-06
ENSRNOG00000032447,Zfp641,38.26707605,2.811068432,0.271767173,10.34366439,4.47E-25,2.68E-24
ENSRNOG00000032472,Adgrg2,22.99434556,3.821198803,0.381213088,10.02378702,1.20E-23,6.88E-23
ENSRNOG00000032659,Plcl1,10.70713017,2.667499518,0.504468166,5.287745982,1.24E-07,3.70E-07
ENSRNOG00000032941,Mab21l1,1047.20485,2.35271488,0.058541399,40.18890755,0,0
ENSRNOG00000032967,Tuba3b,18.80364938,4.655916767,0.543962676,8.559257787,1.14E-17,5.39E-17
ENSRNOG00000033110,Svep1,3528.169192,5.696014795,0.186360705,30.56446252,3.63E-205,1.76E-203
ENSRNOG00000033119,Plcb4,1871.876636,2.914587777,0.128931669,22.60567793,3.81E-113,8.48E-112
ENSRNOG00000033195,A1cf,2.109270404,3.656132148,1.216691102,3.004979771,0.002655985,0.005473899
ENSRNOG00000033209,Bmp8b,4.419551186,2.006226501,0.718643758,2.791684305,0.005243449,0.010404376
ENSRNOG00000033352,S100a7a,19.39737136,5.613398531,0.652717117,8.60004799,7.97E-18,3.80E-17
ENSRNOG00000033389,Susd2,401.7324474,4.11060713,0.104754089,39.24054111,0,0
ENSRNOG00000033397,Adamts20,49.24518004,2.19030681,0.270510465,8.096939268,5.64E-16,2.52E-15
ENSRNOG00000033402,Gsta6,30.90060762,2.818894617,0.310598437,9.075688361,1.13E-19,5.73E-19
ENSRNOG00000033520,Wdr97,6.576474276,2.919371231,0.661574349,4.412763641,1.02E-05,2.65E-05
ENSRNOG00000033527,Pappa1,598.9207785,4.361004082,0.197039532,22.13263518,1.53E-108,3.26E-107
ENSRNOG00000033579,Glt8d2,119.132247,2.929329636,0.183886525,15.93009403,3.92E-57,4.51E-56
ENSRNOG00000033733,Ccdc81,7.323548069,4.829496508,0.963731618,5.011246304,5.41E-07,1.55E-06
ENSRNOG00000033740,Lurap1l,718.8479788,2.952476852,0.100069102,29.50438045,2.53E-191,1.12E-189
ENSRNOG00000033893,Cacna1h,58.66057351,3.207768107,0.24645549,13.01560826,9.97E-39,8.29E-38
ENSRNOG00000033921,Als2cl,220.6507774,2.358743319,0.184034736,12.81683758,1.32E-37,1.07E-36
ENSRNOG00000036484,unkown,38.08151229,3.053693285,0.264502946,11.54502559,7.82E-31,5.42E-30
ENSRNOG00000037076,LOC689757,37.14260297,2.023313345,0.258599113,7.824131028,5.11E-15,2.20E-14
ENSRNOG00000037199,Spink8,103.7801565,3.710029068,0.217398758,17.06554857,2.68E-65,3.43E-64
ENSRNOG00000037853,Rarres1,1060.805621,3.243675388,0.076190969,42.57296418,0,0
ENSRNOG00000038047,Mt1,146.559572,2.23972427,0.165314176,13.54828927,8.11E-42,7.16E-41
ENSRNOG00000038091,Sohlh2,1.349198972,3.973269553,1.757669926,2.260532251,0.023788237,0.042800936
ENSRNOG00000038202,Calml4,96.84061588,2.092359871,0.187907521,11.1350512,8.47E-29,5.57E-28
ENSRNOG00000038328,Gjc2,7.999731399,2.76155793,0.691552061,3.993275539,6.52E-05,0.000158997
ENSRNOG00000038365,unkown,327.9830586,5.835726115,0.165317144,35.30018709,5.83E-273,4.14E-271
ENSRNOG00000038473,Got1l1,11.41013806,3.126601147,0.558178896,5.601432029,2.13E-08,6.66E-08
ENSRNOG00000038720,Cdkl1,4.378628959,2.149542836,0.739140754,2.908164412,0.003635571,0.007375491
ENSRNOG00000038722,Tlr1,7.03952996,2.097708991,0.783083256,2.678781566,0.007389058,0.014378957
ENSRNOG00000038746,Bco2,9.897927671,2.908356188,0.531439645,5.472599226,4.43E-08,1.36E-07
ENSRNOG00000038916,Dram1,608.3868394,2.340968702,0.080604667,29.04259511,1.91E-185,8.00E-184
ENSRNOG00000039107,Mfrp,48.74492563,4.09687593,0.305431306,13.41341194,5.05E-41,4.41E-40
ENSRNOG00000039110,Lsmem1,27.84084561,2.60491477,0.285403953,9.127115242,7.03E-20,3.60E-19
ENSRNOG00000039336,Hrct1,482.7662264,3.703162122,0.101541109,36.46958504,3.37E-291,2.68E-289
ENSRNOG00000039473,Ccdc152,26.86585697,10.06338575,1.206651888,8.339924588,7.43E-17,3.43E-16
ENSRNOG00000039560,Omd,180.7058246,5.643177993,0.196990009,28.6470264,1.75E-180,6.96E-179
ENSRNOG00000039668,Col8a1,1752.126375,2.967807147,0.082905317,35.79754881,1.21E-280,9.00E-279
ENSRNOG00000040108,unkown,241.0210564,8.285317759,0.872403427,9.497117396,2.16E-21,1.15E-20
ENSRNOG00000042607,Rhof,452.4672822,4.893207311,0.11300144,43.30216784,0,0
ENSRNOG00000042634,Serpina12,3.85686702,7.261274163,1.467952187,4.946533153,7.55E-07,2.14E-06
ENSRNOG00000042727,RGD1563159,8.197702247,2.336479832,0.676063259,3.456007705,0.00054824,0.001224288
ENSRNOG00000042847,LOC687707,2.563915088,4.386997508,1.430058701,3.067704497,0.002157098,0.004503407
ENSRNOG00000042860,Pappa2,64.40459296,3.421247194,0.265285617,12.89646697,4.71E-38,3.87E-37
ENSRNOG00000042929,LOC100361087,44.6058421,5.864685967,0.433934685,13.51513527,1.27E-41,1.12E-40
ENSRNOG00000042970,unkown,1.371552001,4.300717768,1.629147464,2.639857878,0.00829408,0.016011539
ENSRNOG00000042990,unkown,23.55651883,2.850335722,0.349592141,8.153317504,3.54E-16,1.60E-15
ENSRNOG00000043098,Mt2A,1057.989199,4.505960579,0.114736263,39.27233176,0,0
ENSRNOG00000045578,unkown,5.016933691,2.073035422,0.887455258,2.335932322,0.019494769,0.035545475
ENSRNOG00000045626,Pkd1l2,18.31798893,5.22358401,0.544939762,9.585617292,9.19E-22,4.97E-21
ENSRNOG00000045684,unkown,40.60410257,3.181354184,0.296163846,10.74187219,6.47E-27,4.07E-26
ENSRNOG00000045693,unkown,2.537122362,5.65801794,1.58528811,3.569078645,0.000358239,0.000816506
ENSRNOG00000045772,unkown,4.020277254,2.935814318,0.928681591,3.161271148,0.001570822,0.003339966
ENSRNOG00000045821,Slc41a3,1505.182208,2.086386933,0.0642553,32.47026993,2.80E-231,1.57E-229
ENSRNOG00000046171,Mlxipl,21.49181563,6.558961894,0.708819694,9.2533573,2.18E-20,1.13E-19
ENSRNOG00000046333,Ablim1,454.0843044,7.509335989,0.209345425,35.87055211,8.80E-282,6.62E-280
ENSRNOG00000046395,LOC120100003,3.235033795,3.658903585,1.202929341,3.04166127,0.002352765,0.004880235
ENSRNOG00000046521,unkown,116.030419,3.301817056,0.211529509,15.60925033,6.30E-55,6.98E-54
ENSRNOG00000046658,unkown,149.6587087,5.579717653,0.212201624,26.2944154,2.22E-152,7.09E-151
ENSRNOG00000046785,unkown,1.689918681,4.545795833,1.533558266,2.96421462,0.003034566,0.006221843
ENSRNOG00000046972,Chrm2,22.5680977,5.199730858,0.593086201,8.767243028,1.83E-18,8.92E-18
ENSRNOG00000047046,Plin4,98.11624853,3.269024059,0.285443109,11.45245396,2.29E-30,1.56E-29
ENSRNOG00000047065,unkown,4.419291925,2.366061821,0.727399829,3.252766534,0.001142874,0.002465436
ENSRNOG00000047082,unkown,3.191965523,4.284880393,1.209231815,3.543473087,0.000394894,0.000894913
ENSRNOG00000047158,LOC103689947,165.9140498,2.537581005,0.146371569,17.3365704,2.49E-67,3.29E-66
ENSRNOG00000047384,unkown,3.348110523,4.316526639,1.213595743,3.556807664,0.000375389,0.000853718
ENSRNOG00000047495,unkown,2.40361755,4.278535917,1.37473884,3.112253609,0.001856649,0.003916025
ENSRNOG00000047503,Apoc3,6.233870618,2.789727057,0.870721396,3.203926157,0.001355672,0.00290168
ENSRNOG00000047686,Pou3f1,3.657603,3.387101314,1.018717608,3.324867744,0.000884605,0.001931515
ENSRNOG00000047786,unkown,4624.628693,3.08765239,0.080894622,38.16882146,0,0
ENSRNOG00000047854,unkown,627.5641172,4.594240053,0.114218044,40.2234172,0,0
ENSRNOG00000047864,unkown,621.8733523,4.599616834,0.112426103,40.91235665,0,0
ENSRNOG00000048172,unkown,94.74354722,3.653324298,0.197085698,18.53672966,1.04E-76,1.55E-75
ENSRNOG00000048209,Eps8l3,5.675495361,2.283592267,0.738097703,3.093888869,0.001975515,0.004147981
ENSRNOG00000048222,Nlrc5,2.163362253,3.093906544,1.189410662,2.601209693,0.009289565,0.017808022
ENSRNOG00000048402,unkown,114.7317148,2.056106784,0.18668104,11.01400968,3.27E-28,2.12E-27
ENSRNOG00000048433,Tshz2,203.9487962,3.382661118,0.181560681,18.63102244,1.80E-77,2.71E-76
ENSRNOG00000048449,Itgb3,641.6771449,2.595023559,0.129509208,20.03736722,2.60E-89,4.50E-88
ENSRNOG00000048478,unkown,7.053044755,3.715898338,0.883822755,4.204347892,2.62E-05,6.59E-05
ENSRNOG00000048703,Alkal1,51.30129459,3.383955492,0.272460149,12.42000163,2.04E-35,1.58E-34
ENSRNOG00000048706,Nox1,220.7376258,2.763941999,0.12043968,22.94876565,1.52E-116,3.47E-115
ENSRNOG00000048723,Pros1,2333.641949,2.182664529,0.057435056,38.00230508,0,0
ENSRNOG00000048726,Clec2d,41.97938446,3.007812156,0.268188167,11.21530525,3.43E-29,2.28E-28
ENSRNOG00000048878,unkown,2.932630457,2.376023281,1.066896584,2.227041793,0.025944481,0.046318792
ENSRNOG00000048924,Islr,691.1911801,2.383533474,0.080492192,29.61198373,1.05E-192,4.68E-191
ENSRNOG00000048953,unkown,3.605252587,6.077988753,1.471325958,4.13096005,3.61E-05,9.00E-05
ENSRNOG00000049028,C5ar2,71.75202132,4.062112717,0.229863537,17.67184465,6.91E-70,9.48E-69
ENSRNOG00000049192,unkown,624.8717294,2.845396865,0.100544159,28.29997183,3.46E-176,1.33E-174
ENSRNOG00000049385,Adamtsl4,2737.49547,2.715854173,0.064103885,42.36645182,0,0
ENSRNOG00000049452,Nebl,46.88619179,4.386556708,0.327413196,13.39761731,6.24E-41,5.43E-40
ENSRNOG00000049537,LOC100302372,3174.393204,2.166011775,0.058717259,36.88884328,6.98E-298,5.81E-296
ENSRNOG00000049743,Gstm5,2457.673798,2.389637887,0.074881088,31.91243534,1.79E-223,9.54E-222
ENSRNOG00000049771,Gstt1,111.3079231,2.493676644,0.182458799,13.66706708,1.60E-42,1.43E-41
ENSRNOG00000049853,Rtl9,1.761421625,5.013194699,1.60219122,3.128961534,0.001754253,0.003710116
ENSRNOG00000049995,unkown,2.024291834,3.398959488,1.539537196,2.207780037,0.02725961,0.048456973
ENSRNOG00000050050,unkown,19.19958102,2.393490894,0.431789055,5.543194913,2.97E-08,9.22E-08
ENSRNOG00000050123,Gdf5,6.849034332,3.787556428,0.679768494,5.571832858,2.52E-08,7.86E-08
ENSRNOG00000050201,unkown,747.718696,2.299229567,0.075666847,30.38622127,8.35E-203,4.00E-201
ENSRNOG00000050215,Cdsn,379.7252422,2.778388459,0.101076452,27.48798952,2.44E-166,8.75E-165
ENSRNOG00000050278,unkown,4591.730872,2.126762335,0.058150353,36.57350694,7.54E-293,6.17E-291
ENSRNOG00000050315,unkown,526.1061263,4.180081247,0.102903829,40.62124127,0,0
ENSRNOG00000050431,unkown,1602.536666,2.672250798,0.063400424,42.14878451,0,0
ENSRNOG00000050485,unkown,609.3973009,3.919502995,0.104116154,37.64548403,0,0
ENSRNOG00000050548,unkown,2.107185846,6.285062417,1.619444932,3.880997923,0.000104029,0.000248709
ENSRNOG00000050625,unkown,4.839240062,2.93712859,0.753858306,3.896128178,9.77E-05,0.000234341
ENSRNOG00000050869,Cebpd,1778.580404,4.421932487,0.091516403,48.31846883,0,0
ENSRNOG00000050955,unkown,3.954071184,7.30087553,1.453253131,5.023815449,5.07E-07,1.45E-06
ENSRNOG00000051002,unkown,6.232055903,2.064213043,0.726320492,2.84201405,0.004482952,0.008985164
ENSRNOG00000051025,unkown,1.861032577,5.524066158,1.581674142,3.492543762,0.000478443,0.001076151
ENSRNOG00000051080,unkown,15.41180101,2.893221237,0.525697976,5.503580708,3.72E-08,1.15E-07
ENSRNOG00000051171,unkown,1.644249368,5.659885747,1.612319839,3.510398874,0.000447435,0.001008959
ENSRNOG00000051253,unkown,89.31604032,3.278147126,0.212823212,15.40314654,1.56E-53,1.69E-52
ENSRNOG00000051254,unkown,7.680819442,2.555350806,0.569723052,4.485250857,7.28E-06,1.92E-05
ENSRNOG00000051272,unkown,42.65636359,2.298838056,0.292557866,7.857720888,3.91E-15,1.69E-14
ENSRNOG00000051307,unkown,1610.287682,4.510269814,0.065079838,69.30364269,0,0
ENSRNOG00000051548,Lmod1,7635.077575,2.592636349,0.05523692,46.93665641,0,0
ENSRNOG00000051860,unkown,16.65317147,2.31871675,0.420254638,5.517409066,3.44E-08,1.06E-07
ENSRNOG00000051977,Mmrn2,74.45072165,2.669811944,0.211279502,12.63639833,1.33E-36,1.06E-35
ENSRNOG00000052150,unkown,104.2030089,4.223592417,0.220359045,19.16686657,7.00E-82,1.11E-80
ENSRNOG00000052327,U2,3.891405913,2.250869569,1.004675181,2.240395314,0.02506527,0.044878247
ENSRNOG00000052407,Btk,23.04468355,2.133053689,0.456081821,4.676910131,2.91E-06,7.91E-06
ENSRNOG00000052564,Gpx3,12784.56263,4.734881543,0.058965308,80.29944574,0,0
ENSRNOG00000052569,unkown,12.36625599,2.320207358,0.470858637,4.927609217,8.32E-07,2.35E-06
ENSRNOG00000052587,unkown,80.56627831,2.383482398,0.212359309,11.22381878,3.12E-29,2.08E-28
ENSRNOG00000052639,unkown,1.234202815,5.492708725,2.132351542,2.575892679,0.009998167,0.019062614
ENSRNOG00000052651,unkown,5.472437003,2.906272264,0.661370319,4.394319163,1.11E-05,2.88E-05
ENSRNOG00000052685,unkown,4654.527225,2.121846243,0.058435404,36.31097042,1.09E-288,8.62E-287
ENSRNOG00000052742,unkown,1.176190872,4.674878653,1.608927255,2.905587334,0.003665645,0.007429232
ENSRNOG00000052758,Cyria,3.850945369,2.38835574,0.836930084,2.853709988,0.004321196,0.008676801
ENSRNOG00000052902,unkown,19.53773469,3.151128964,0.447243674,7.045664688,1.85E-12,7.14E-12
ENSRNOG00000053015,Cfap119,45.14181551,2.237752371,0.227097612,9.853702785,6.61E-23,3.70E-22
ENSRNOG00000053025,AC130391.3,227.472884,2.462121859,0.139430817,17.65837651,8.77E-70,1.20E-68
ENSRNOG00000053035,unkown,1.960067837,3.260901514,1.364657059,2.389539183,0.016869524,0.031080699
ENSRNOG00000053086,Selenop,298.827725,9.201744958,0.44590204,20.63624771,1.30E-94,2.36E-93
ENSRNOG00000053145,Vwa8,512.7375177,2.043187804,0.152907755,13.36222481,1.01E-40,8.71E-40
ENSRNOG00000053200,Dock10,1.722098389,5.1897664,1.829050161,2.837410647,0.004548107,0.009110863
ENSRNOG00000053397,Fmr1nb,4.263309626,2.669663421,0.952745892,2.802072874,0.00507754,0.010094492
ENSRNOG00000053400,Cfi,6.088324747,4.127741535,0.810089012,5.095417259,3.48E-07,1.01E-06
ENSRNOG00000053402,Gabrq,2.989429349,3.44842926,1.357028494,2.541162013,0.011048471,0.020898578
ENSRNOG00000053410,Adcy10,24.4082038,3.520573592,0.437234626,8.051909393,8.15E-16,3.61E-15
ENSRNOG00000053448,Psme3,111.5290289,2.636833263,0.224824345,11.72841522,9.11E-32,6.51E-31
ENSRNOG00000053691,Lama5,2057.431239,4.366233905,0.121957315,35.80132854,1.05E-280,7.89E-279
ENSRNOG00000053789,AC111369.1,3.109993751,2.59673531,1.085613142,2.391952723,0.016759001,0.030895372
ENSRNOG00000053812,unkown,165.9140498,2.537581005,0.146371569,17.3365704,2.49E-67,3.29E-66
ENSRNOG00000053831,unkown,15.25574635,3.664815145,0.501882888,7.302132095,2.83E-13,1.14E-12
ENSRNOG00000053944,unkown,44.46058915,2.309977131,0.286403058,8.06547648,7.30E-16,3.24E-15
ENSRNOG00000054047,U2,59.1504008,2.644634684,0.222397361,11.89148408,1.31E-32,9.56E-32
ENSRNOG00000054080,Cgnl1,15.31241075,2.149900545,0.482934644,4.451742223,8.52E-06,2.23E-05
ENSRNOG00000054136,unkown,20.32904388,3.976209622,0.523869195,7.590080996,3.20E-14,1.33E-13
ENSRNOG00000054452,LOC120100374,3.162616415,4.334838267,1.472681001,2.943501181,0.003245226,0.006629
ENSRNOG00000054458,Kcnmb4,74.45498828,4.979689717,0.2907078,17.12953598,8.94E-66,1.15E-64
ENSRNOG00000054576,Gsdmc,5.508639296,2.673109754,0.808219648,3.30740506,0.000941646,0.002049588
ENSRNOG00000054843,unkown,11.68346592,2.395929818,0.545717306,4.390423013,1.13E-05,2.93E-05
ENSRNOG00000054861,unkown,7.717193159,3.534994789,0.644954822,5.480995982,4.23E-08,1.30E-07
ENSRNOG00000054978,unkown,2567.063849,2.479860716,0.048090009,51.56706714,0,0
ENSRNOG00000055119,unkown,66.14414419,2.164467319,0.221857511,9.756114688,1.74E-22,9.60E-22
ENSRNOG00000055124,AABR07001942.1,9.977833561,2.316485836,0.55111005,4.203309004,2.63E-05,6.62E-05
ENSRNOG00000055178,unkown,4.388917338,3.608295498,1.101775397,3.274982821,0.001056684,0.002287439
ENSRNOG00000055283,AABR07036463.1,1.835663124,3.739778393,1.512842105,2.472021621,0.013435139,0.02508502
ENSRNOG00000055367,unkown,2.135745535,3.740287749,1.310140127,2.85487611,0.004305362,0.008646868
ENSRNOG00000055450,Ckmt2,27.85582714,3.019515653,0.318143666,9.491044389,2.29E-21,1.22E-20
ENSRNOG00000055765,unkown,706.3174967,4.838372347,0.101474164,47.68082982,0,0
ENSRNOG00000055936,Trnp1,72.08387702,3.69017126,0.218771343,16.86770862,7.78E-64,9.71E-63
ENSRNOG00000055966,LOC689800,259.301984,3.59610012,0.153261642,23.46379745,9.56E-122,2.28E-120
ENSRNOG00000056135,Tsc22d3,7421.822271,5.003162426,0.053546665,93.43555659,0,0
ENSRNOG00000056153,Tent5b,965.6281874,6.226784593,0.115328672,53.99164395,0,0
ENSRNOG00000056471,LOC102552073,71.14279804,7.583817663,0.536773933,14.12851333,2.53E-45,2.38E-44
ENSRNOG00000056580,En1,54.33268108,4.010327481,0.296251042,13.53692278,9.47E-42,8.35E-41
ENSRNOG00000056722,unkown,9.24397476,3.584386469,0.671829554,5.335261671,9.54E-08,2.87E-07
ENSRNOG00000056772,Col4a6,6.408482726,2.591743066,0.860546617,3.011740463,0.002597546,0.005358784
ENSRNOG00000056811,unkown,1.945366713,3.815872196,1.476366195,2.584638018,0.009748128,0.018635393
ENSRNOG00000056915,Ptprq,11.36099228,3.324479421,0.625986432,5.310785105,1.09E-07,3.27E-07
ENSRNOG00000057016,unkown,10.96497677,2.157988055,0.55522654,3.886680297,0.000101624,0.000243211
ENSRNOG00000057078,Ddit4,1066.578503,3.46748193,0.093100526,37.24449353,1.30E-303,1.10E-301
ENSRNOG00000057153,Pla1a,326.5571967,3.128407102,0.120252287,26.0153647,3.32E-149,1.03E-147
ENSRNOG00000057230,unkown,9.412801025,3.690563304,0.863400606,4.274450678,1.92E-05,4.87E-05
ENSRNOG00000057291,AABR07019088.1,54.69042039,2.166729177,0.25181236,8.60453861,7.66E-18,3.66E-17
ENSRNOG00000057297,unkown,5.411811958,2.014432322,0.819221184,2.458960244,0.013934005,0.025959318
ENSRNOG00000057308,unkown,6.098581014,6.972397825,1.339920317,5.20359139,1.95E-07,5.77E-07
ENSRNOG00000057347,Cebpb,2009.95119,2.092423672,0.281727897,7.427108557,1.11E-13,4.53E-13
ENSRNOG00000057519,unkown,3.623681694,5.290559485,1.326980356,3.986916205,6.69E-05,0.00016319
ENSRNOG00000057713,Cav2,2234.732351,2.55990577,0.048392919,52.89835453,0,0
ENSRNOG00000057794,Adamts5,765.8075812,2.506010389,0.136438625,18.36730902,2.40E-75,3.51E-74
ENSRNOG00000057822,unkown,105.2330158,3.051847338,0.207933657,14.67702432,9.05E-49,9.03E-48
ENSRNOG00000057865,Prss16,63.91912579,5.52306918,0.333070248,16.58229522,9.36E-62,1.14E-60
ENSRNOG00000057880,Myh11,2685.285352,4.204891404,0.07569119,55.55324726,0,0
ENSRNOG00000058006,Sncg,1629.304854,5.230217857,0.099512406,52.55845059,0,0
ENSRNOG00000058072,unkown,2.207178198,5.300887968,1.56690202,3.383037293,0.000716889,0.001580849
ENSRNOG00000058114,unkown,3.060806769,3.86951014,1.075650731,3.597366717,0.000321455,0.000735904
ENSRNOG00000058186,Errfi1,16553.04349,3.100691295,0.043639207,71.05287829,0,0
ENSRNOG00000058242,unkown,4.433876796,2.910513924,0.957709903,3.039035008,0.002373373,0.004918061
ENSRNOG00000058275,Spef2,2.346644254,3.707742834,1.218926549,3.041809892,0.002351604,0.004878368
ENSRNOG00000058357,unkown,2457.596794,2.390673533,0.075064958,31.84806328,1.40E-222,7.42E-221
ENSRNOG00000058375,unkown,4.897220848,2.907550721,0.742239806,3.917265951,8.96E-05,0.00021544
ENSRNOG00000058388,Zfp36,1638.45925,2.274106237,0.06691443,33.98528907,3.67E-253,2.34E-251
ENSRNOG00000058422,Lilrb3a,22.55948678,2.035521508,0.38754803,5.252307716,1.50E-07,4.46E-07
ENSRNOG00000058434,Cfap99,11.11170923,2.358084189,0.503510571,4.683286356,2.82E-06,7.68E-06
ENSRNOG00000058446,unkown,5.692882178,4.900174175,1.066370567,4.595188884,4.32E-06,1.16E-05
ENSRNOG00000058470,Col12a1,42932.08784,4.320883778,0.188337431,22.94224659,1.76E-116,4.02E-115
ENSRNOG00000058510,unkown,1.364739029,5.730081268,2.414156357,2.373533617,0.017618789,0.03233982
ENSRNOG00000058571,unkown,33.70797563,6.681171644,1.617550837,4.130424522,3.62E-05,9.02E-05
ENSRNOG00000058827,unkown,33.08921509,2.096677787,0.280013877,7.487763846,7.01E-14,2.88E-13
ENSRNOG00000058902,unkown,4.148670789,3.718696311,1.472169164,2.525997965,0.011537015,0.021758712
ENSRNOG00000058956,unkown,30.44196433,2.457638768,0.303613467,8.094630294,5.74E-16,2.57E-15
ENSRNOG00000059093,unkown,16.0867519,2.343174187,0.4204471,5.573053512,2.50E-08,7.81E-08
ENSRNOG00000059322,N4bp2l1,29.95559164,3.573473436,0.367532374,9.722880718,2.41E-22,1.33E-21
ENSRNOG00000059375,unkown,5.145663054,7.699323261,1.404608226,5.481473852,4.22E-08,1.30E-07
ENSRNOG00000059382,unkown,11.99879767,2.034531627,0.460454445,4.418529674,9.94E-06,2.59E-05
ENSRNOG00000059487,unkown,135.3490315,2.978719715,0.153183248,19.44546653,3.18E-84,5.22E-83
ENSRNOG00000059500,Cdkn1c,320.6849812,6.6760485,0.199859121,33.403772,1.21E-244,7.20E-243
ENSRNOG00000059750,C2H1orf54,123.9978809,2.195205837,0.170594533,12.86797297,6.82E-38,5.58E-37
ENSRNOG00000059906,unkown,2.344316704,5.104668435,1.398718884,3.649531363,0.000262719,0.000606951
ENSRNOG00000060087,Adra1b,230.495533,4.799033362,0.158159,30.34309374,3.10E-202,1.48E-200
ENSRNOG00000060166,unkown,1.835830047,3.289727905,1.327594993,2.477960464,0.013213579,0.024698525
ENSRNOG00000060237,Inhbb,63.55532627,4.184654396,0.260456367,16.06662356,4.37E-58,5.11E-57
ENSRNOG00000060365,unkown,1.892570595,5.370703549,1.619092747,3.317106791,0.000909548,0.001983426
ENSRNOG00000060618,AABR07027267.1,1.349796389,5.074743194,1.576681221,3.218623478,0.001288075,0.002762381
ENSRNOG00000060636,unkown,1.387628996,3.285462953,1.488148808,2.207751628,0.027261592,0.048456973
ENSRNOG00000060687,Slc24a3,112.0863629,2.247993784,0.202694748,11.09053788,1.39E-28,9.13E-28
ENSRNOG00000060742,unkown,4.3537381,3.673421749,1.219584207,3.012027973,0.002595087,0.005354303
ENSRNOG00000060769,unkown,10.40989671,2.061371747,0.530255741,3.887504818,0.00010128,0.000242417
ENSRNOG00000060829,unkown,36.12795777,4.525967233,0.372608023,12.14672511,5.97E-34,4.49E-33
ENSRNOG00000060867,Rln1,4.067677709,3.255713635,0.917795476,3.547319331,0.000389173,0.000882698
ENSRNOG00000060899,unkown,223.8579784,5.750636996,0.201737719,28.5055122,1.00E-178,3.95E-177
ENSRNOG00000061122,unkown,9.11542671,2.414276707,0.490983501,4.917225734,8.78E-07,2.47E-06
ENSRNOG00000061272,unkown,200.7070523,2.320053312,0.111809497,20.75005586,1.22E-95,2.25E-94
ENSRNOG00000061273,unkown,28.01510447,2.298817468,0.336231644,6.837005115,8.09E-12,3.03E-11
ENSRNOG00000061373,Loxl3,3162.567627,2.054894246,0.040823628,50.33590426,0,0
ENSRNOG00000061429,Rph3al,2.596943678,6.38383708,1.596287069,3.999178596,6.36E-05,0.000155246
ENSRNOG00000061442,unkown,271.2907548,2.041497977,0.140841369,14.49501653,1.30E-47,1.27E-46
ENSRNOG00000061610,unkown,4.335122052,4.79125293,1.091265082,4.390549107,1.13E-05,2.93E-05
ENSRNOG00000061661,unkown,6.893408221,2.093150119,0.737985068,2.836304161,0.004563896,0.009137585
ENSRNOG00000061768,Slc43a3,9.25388412,3.873436472,0.609989098,6.350009348,2.15E-10,7.57E-10
ENSRNOG00000061785,unkown,6.234499225,2.180035023,0.614947021,3.545077784,0.000392497,0.000889699
ENSRNOG00000061934,unkown,3.274978611,4.473291985,1.348529864,3.317161973,0.000909369,0.001983266
ENSRNOG00000062088,unkown,6.915084348,6.908324159,1.316706414,5.246670091,1.55E-07,4.59E-07
ENSRNOG00000062101,Ace,81.45250922,2.530341823,0.171966793,14.71413044,5.23E-49,5.25E-48
ENSRNOG00000062125,unkown,6.611826787,7.940383828,1.29271304,6.142417987,8.13E-10,2.76E-09
ENSRNOG00000062131,unkown,3.273371236,4.85962718,1.235047314,3.934770048,8.33E-05,0.000201001
ENSRNOG00000062180,unkown,93.2216292,3.359029509,0.240112237,13.98941406,1.81E-44,1.68E-43
ENSRNOG00000062276,Ggt5,55.3242123,4.253962536,0.299366805,14.20986717,7.96E-46,7.54E-45
